CountryCode,Year,GDPFactor
AFG,2018,1
AFG,2019,1.030369031
AFG,2020,1.0410867050400132
AFG,2021,1.0928105858377068
AFG,2022,1.1418670399065718
AFG,2023,1.1876097939064187
AFG,2024,1.2351332182972328
AFG,2025,1.2845385470291222
AFG,2026,1.335920088910287
AFG,2027,1.3893568924666986
AFG,2028,1.4449311681653665
AFG,2029,1.5027284148919813
AFG,2030,1.5628375514876605
AFG,2031,1.625351053547167
AFG,2032,1.6903650956890537
AFG,2033,1.757979699516616
ALB,2018,1
ALB,2019,1.027327209
ALB,2020,1.0118658101979578
ALB,2021,1.0811598855247735
ALB,2022,1.137718016627573
ALB,2023,1.1738192598856374
ALB,2024,1.2173386946347033
ALB,2025,1.2626313255713908
ALB,2026,1.3096091263184264
ALB,2027,1.3583347957570846
ALB,2028,1.4088733655600827
ALB,2029,1.4612922869860463
ALB,2030,1.5156615209032742
ALB,2031,1.5720536311629505
ALB,2032,1.6305438814464257
ALB,2033,1.6912103357158255
DZA,2018,1
DZA,2019,1.007002452
DZA,2020,0.9762389409694078
DZA,2021,1.019875286006886
DZA,2022,1.0402734995204723
DZA,2023,1.0528506786813316
DZA,2024,1.0638885040896586
DZA,2025,1.0753882377053048
DZA,2026,1.087012273701062
DZA,2027,1.0987619556803747
DZA,2028,1.1106386417699032
DZA,2029,1.1226437047765063
DZA,2030,1.1347785323459225
DZA,2031,1.147044527123165
DZA,2032,1.159443106914652
DZA,2033,1.171975704852088
AGO,2018,1
AGO,2019,0.98817166
AGO,2020,0.9761125723665196
AGO,2021,0.999187540722877
AGO,2022,1.0321489691293775
AGO,2023,1.073640408111327
AGO,2024,1.1144864540520132
AGO,2025,1.1556756990307038
AGO,2026,1.19838721814359
AGO,2027,1.2426772716727146
AGO,2028,1.2886041991703812
AGO,2029,1.336228496304926
AGO,2030,1.3856128945465598
AGO,2031,1.4368224437982435
AGO,2032,1.489924598080439
AGO,2033,1.5449893043826013
AIA,2018,1
AIA,2019,1.108958154
AIA,2020,1.0005020465388
AIA,2021,1.078040955145557
AIA,2022,1.129247900514971
AIA,2023,1.1659484572817074
AIA,2024,1.19509716871375
AIA,2025,1.2160113691662409
AIA,2026,1.23729156812665
AIA,2027,1.2589441705688664
AIA,2028,1.2809756935538217
AIA,2029,1.3033927681910138
AIA,2030,1.3262021416343566
AIA,2031,1.3494106791129579
AIA,2032,1.3730253659974347
AIA,2033,1.39705330990239
ATG,2018,1
ATG,2019,1.052644722
ATG,2020,0.9474057701186401
ATG,2021,1.0228092060759937
ATG,2022,1.0554054849669807
ATG,2023,1.0885229945770525
ATG,2024,1.1186300166748615
ATG,2025,1.1485852170174888
ATG,2026,1.179342571793835
ATG,2027,1.210923561472339
ATG,2028,1.2433502417355193
ATG,2029,1.2766452588833266
ATG,2030,1.3108318656489761
ATG,2031,1.3459339374383013
ATG,2032,1.3819759890039747
ATG,2033,1.4189831915662379
ARG,2018,1
ARG,2019,0.978860357
ARG,2020,0.9689166177674604
ARG,2021,0.956502284461986
ARG,2022,0.9702103146925565
ARG,2023,0.9923613697570516
ARG,2024,1.0231254851919804
ARG,2025,1.055864558419552
ARG,2026,1.0896512518377193
ARG,2027,1.1245190883277234
ARG,2028,1.1605026634721303
ARG,2029,1.1976376798802852
ARG,2030,1.2359609826121511
ARG,2031,1.2755105957356752
ARG,2032,1.316325760053958
ARG,2033,1.3584469720396597
ARM,2018,1
ARM,2019,1.075965636
ARM,2020,1.0968387743294035
ARM,2021,1.158728514206976
ARM,2022,1.2171580461063736
ARM,2023,1.2724481295249455
ARM,2024,1.3302497958346724
ARM,2025,1.3906771350898486
ARM,2026,1.4538494199491463
ARM,2027,1.5198913410983126
ARM,2028,1.588933253367072
ARM,2029,1.6611114330260266
ARM,2030,1.7365683467714135
ARM,2031,1.8154529329286424
ARM,2032,1.8979208954296627
ARM,2033,1.984135011144415
AUS,2018,1
AUS,2019,1.01846604
AUS,2020,0.9505820661921098
AUS,2021,1.0086766144492236
AUS,2022,1.0671096209085846
AUS,2023,1.1108629988143175
AUS,2024,1.1472204039092104
AUS,2025,1.1792757943717362
AUS,2026,1.2122268697908787
AUS,2027,1.2460986572067059
AUS,2028,1.2809168829595592
AUS,2029,1.3167079922297529
AUS,2030,1.35349916912325
AUS,2031,1.3913183573185672
AUS,2032,1.4301942812905892
AUS,2033,1.4701564681274175
AUT,2018,1
AUT,2019,1.0158468
AUT,2020,0.9447655105793401
AUT,2021,0.9873716395453225
AUT,2022,1.002675899958275
AUT,2023,1.0183176439976243
AUT,2024,1.0342033992439872
AUT,2025,1.0507506536318911
AUT,2026,1.0675626640900013
AUT,2027,1.0846436667154413
AUT,2028,1.1019979653828884
AUT,2029,1.1196299328290147
AUT,2030,1.137544011754279
AUT,2031,1.1557447159423473
AUT,2032,1.174236631397425
AUT,2033,1.1930244174997837
AZE,2018,1
AZE,2019,1.0225
AZE,2020,1.0001703126875
AZE,2021,1.0072397034894236
AZE,2022,1.023973436992038
AZE,2023,1.0430765195488645
AZE,2024,1.0647183535795095
AZE,2025,1.0870096973641512
AZE,2026,1.1097677411038134
AZE,2027,1.1330022558042336
AZE,2028,1.1567232170405992
AZE,2029,1.180940809240491
AZE,2030,1.2056654300564942
AZE,2031,1.2309076948303588
AZE,2032,1.2566784411506207
AZE,2033,1.282988733505644
BHS,2018,1
BHS,2019,1.018008173
BHS,2020,0.933254020645833
BHS,2021,0.9956817394864889
BHS,2022,1.0205495560455657
BHS,2023,1.038619315655998
BHS,2024,1.0543657140456304
BHS,2025,1.0703477832129398
BHS,2026,1.0865721084887947
BHS,2027,1.1030423619898353
BHS,2028,1.119762271494623
BHS,2029,1.1367356212873647
BHS,2030,1.1539662530144248
BHS,2031,1.17145806655382
BHS,2032,1.1892150208978942
BHS,2033,1.2072411350493744
BHR,2018,1
BHR,2019,1.016659515
BHR,2020,0.9953549614330313
BHR,2021,1.0259917721492682
BHR,2022,1.0511796885549891
BHR,2023,1.0796134484501745
BHR,2024,1.1116390996257737
BHR,2025,1.145703087681501
BHR,2026,1.180810899477012
BHR,2027,1.2169945209323911
BHR,2028,1.254286918113169
BHR,2029,1.2927220672649447
BHR,2030,1.3323349857683624
BHR,2031,1.3731617640426421
BHR,2032,1.41523959842673
BHR,2033,1.4586068250680293
BGD,2018,1
BGD,2019,1.078789792
BGD,2020,1.100567592307342
BGD,2021,1.205463275032114
BGD,2022,1.2931675982259045
BGD,2023,1.3875688328963955
BGD,2024,1.4888613576978322
BGD,2025,1.5967775917490001
BGD,2026,1.7125158526877449
BGD,2027,1.8366430997409882
BGD,2028,1.9697673866971528
BGD,2029,2.1125408405383186
BGD,2030,2.2656628559707674
BGD,2031,2.4298835215027434
BGD,2032,2.606007293852529
BGD,2033,2.794896938686415
BRB,2018,1
BRB,2019,0.99901736
BRB,2020,0.92309204064000006
BRB,2021,0.98863157552544
BRB,2022,1.0273697918983036
BRB,2023,1.0462733960692323
BRB,2024,1.0655248265569062
BRB,2025,1.085130483365553
BRB,2026,1.1050968842594793
BRB,2027,1.1254306669298537
BRB,2028,1.146138591201363
BRB,2029,1.167227541279468
BRB,2030,1.1887045280390103
BRB,2031,1.210576691354928
BRB,2032,1.2328513024758585
BRB,2033,1.2555357664414144
BLR,2018,1
BLR,2019,1.012
BLR,2020,0.9527782670120001
BLR,2021,0.990079872496248
BLR,2022,1.0041418086117337
BLR,2023,1.004468105496584
BLR,2024,0.99898407325802685
BLR,2025,1.0050366330474363
BLR,2026,1.0111258635716303
BLR,2027,1.0172519870081398
BLR,2028,1.0234152268806058
BLR,2029,1.0296158080669358
BLR,2030,1.0358539568075078
BLR,2031,1.0421299007134268
BLR,2032,1.0484438687748279
BLR,2033,1.054796091369232
BEL,2018,1
BEL,2019,1.013651862
BEL,2020,0.9779582160209355
BEL,2021,1.0089710421332887
BEL,2022,1.0225404676694256
BEL,2023,1.0363441668193298
BEL,2024,1.0503091355719694
BEL,2025,1.0641165614364376
BEL,2026,1.078105500535958
BEL,2027,1.0922783390542286
BEL,2028,1.1066374945438575
BEL,2029,1.1211854163387434
BEL,2030,1.1359245859718723
BEL,2031,1.150857517598609
BEL,2032,1.165986758425554
BEL,2033,1.1813148891450354
BLZ,2018,1
BLZ,2019,1.002972669
BLZ,2020,0.9027570029533771
BLZ,2021,0.9764219563392327
BLZ,2022,0.9962129602121867
BLZ,2023,1.0162057748075004
BLZ,2024,1.0315108062850278
BLZ,2025,1.0470691735176652
BLZ,2026,1.0628622089568502
BLZ,2027,1.0788934521235587
BLZ,2028,1.0951664959256686
BLZ,2029,1.1116849874632007
BLZ,2030,1.1284526288457022
BLZ,2031,1.1454731780219607
BLZ,2032,1.1627504496222325
BLZ,2033,1.1802883158131738
BEN,2018,1
BEN,2019,1.064462136
BEN,2020,1.1325674166044528
BEN,2021,1.2080041351903603
BEN,2022,1.2884331109115412
BEN,2023,1.3742299001126692
BEN,2024,1.4657986889493564
BEN,2025,1.5633566576638274
BEN,2026,1.6674077125922828
BEN,2027,1.7783840087820018
BEN,2028,1.8967464638715383
BEN,2029,2.0229866724190684
BEN,2030,2.1576289476411263
BEN,2031,2.3012324990416846
BEN,2032,2.454393754975915
BEN,2033,2.617748839794937
BTN,2018,1
BTN,2019,1.053348767
BTN,2020,1.0841330121707757
BTN,2021,1.1169053871661845
BTN,2022,1.1833828742894357
BTN,2023,1.261987656921131
BTN,2024,1.366529372927598
BTN,2025,1.4504798542795279
BTN,2026,1.5395876951868706
BTN,2027,1.634169729539742
BTN,2028,1.7345622553964715
BTN,2029,1.8411222307327189
BTN,2030,1.9542285426494694
BTN,2031,2.0742833545527297
BTN,2032,2.2017135360949918
BTN,2033,2.3369721809627935
BOL,2018,1
BOL,2019,1.028
BOL,2020,0.995104
BOL,2021,1.0239620159999998
BOL,2022,1.0741361547839998
BOL,2023,1.1224722817492798
BOL,2024,1.164003756174003
BOL,2025,1.207071895152441
BOL,2026,1.2517335552730813
BOL,2027,1.298047696818185
BOL,2028,1.346075461600458
BOL,2029,1.3958802536796748
BOL,2030,1.4475278230658226
BOL,2031,1.501086352519258
BOL,2032,1.5566265475624703
BOL,2033,1.6142217298222816
BIH,2018,1
BIH,2019,1.027
BIH,2020,0.9756499999999999
BIH,2021,1.0097977499999997
BIH,2022,1.0380720869999998
BIH,2023,1.0681761775229996
BIH,2024,1.0991532866711666
BIH,2025,1.1321278852713017
BIH,2026,1.1660917218294407
BIH,2027,1.201074473484324
BIH,2028,1.2371067076888538
BIH,2029,1.2742199089195194
BIH,2030,1.312446506187105
BIH,2031,1.3518199013727181
BIH,2032,1.3923744984138997
BIH,2033,1.4341457333663168
BWA,2018,1
BWA,2019,1.033599987
BWA,2020,1.0112637300393321
BWA,2021,1.0729763732174533
BWA,2022,1.1310922124801868
BWA,2023,1.175364611736878
BWA,2024,1.2214961012850643
BWA,2025,1.2693115124240395
BWA,2026,1.3189986557281719
BWA,2027,1.3706308000707101
BWA,2028,1.4242840824317229
BWA,2029,1.480037620170013
BWA,2030,1.5379736276899125
BWA,2031,1.5981775376749945
BWA,2032,1.6607381270674701
BWA,2033,1.7257476479790486
BRA,2018,1
BRA,2019,1.011326758
BRA,2020,0.9968333239964854
BRA,2021,1.0149285223339966
BRA,2022,1.0402887270534755
BRA,2023,1.0662715764663813
BRA,2024,1.0922260501101275
BRA,2025,1.1167315472392747
BRA,2026,1.1417868567350893
BRA,2027,1.1674043143456259
BRA,2028,1.1935965325873226
BRA,2029,1.2203764069546568
BRA,2030,1.2477571222691204
BRA,2031,1.2757521591706447
BRA,2032,1.304375300754667
BRA,2033,1.3336406393581102
BRN,2018,1
BRN,2019,1.038690169
BRN,2020,1.0521606634327958
BRN,2021,1.0894168497353125
BRN,2022,1.1292938303311013
BRN,2023,1.1549684407516496
BRN,2024,1.1772391936284237
BRN,2025,1.198769703582106
BRN,2026,1.2206939847093738
BRN,2027,1.2430192386853138
BRN,2028,1.265752798896341
BRN,2029,1.2889021328490644
BRN,2030,1.312474844623209
BRN,2031,1.3364786773694004
BRN,2032,1.3609215158526293
BRN,2033,1.3858113890422354
BGR,2018,1
BGR,2019,1.033716155
BGR,2020,1.026480141915
BGR,2021,1.088479542486666
BGR,2022,1.1226578001207475
BGR,2023,1.1567865972444182
BGR,2024,1.1907961232034041
BGR,2025,1.224614733102381
BGR,2026,1.2593937915224884
BGR,2027,1.295160575201727
BGR,2028,1.331943135537456
BGR,2029,1.3697703205867198
BGR,2030,1.4086717976913825
BGR,2031,1.4486780767458178
BGR,2032,1.489820534125399
BGR,2033,1.5321314372945602
BFA,2018,1
BFA,2019,1.05688599
BFA,2020,1.077980690312663
BFA,2021,1.1405474581786421
BFA,2022,1.2042137069211913
BFA,2023,1.271520488870727
BFA,2024,1.3425659065721554
BFA,2025,1.4182656286571778
BFA,2026,1.4982336312755415
BFA,2027,1.5827105787019562
BFA,2028,1.6719507049127167
BFA,2029,1.7662225787046706
BFA,2030,1.865809911954928
BFA,2031,1.9710124134537828
BFA,2032,2.0821466908804545
BFA,2033,2.1995472036361603
BDI,2018,1
BDI,2019,1.00418937
BDI,2020,1.00921031685
BDI,2021,1.0142563684342498
BDI,2022,1.0193276502764208
BDI,2023,1.024424288527803
BDI,2024,1.029546409970442
BDI,2025,1.034694142020294
BDI,2026,1.0398676127303952
BDI,2027,1.045066950794047
BDI,2028,1.0502922855480172
BDI,2029,1.0555437469757571
BDI,2030,1.0608214657106358
BDI,2031,1.066125573039189
BDI,2032,1.0714562009043849
BDI,2033,1.0768134819089066
CPV,2018,1
CPV,2019,1.054580315
CPV,2020,1.012568838695137
CPV,2021,1.063048494777305
CPV,2022,1.1160409657983064
CPV,2023,1.1718967659692576
CPV,2024,1.2305601871821552
CPV,2025,1.2924322956252843
CPV,2026,1.3574153106645095
CPV,2027,1.4256656475262255
CPV,2028,1.497347585936223
CPV,2029,1.5726336655437945
CPV,2030,1.6517051012276127
CPV,2031,1.7347522192830394
CPV,2032,1.821974915540765
CPV,2033,1.913583136519486
KHM,2018,1
KHM,2019,1.07045064
KHM,2020,1.0534600920523074
KHM,2021,1.117263550405412
KHM,2022,1.1913512080707298
KHM,2023,1.26936858606941
KHM,2024,1.351840698201974
KHM,2025,1.4396711037051557
KHM,2026,1.5332079361128637
KHM,2027,1.6328219475334385
KHM,2028,1.738907978200441
KHM,2029,1.8518865215015865
KHM,2030,1.9722053906891304
KHM,2031,2.1003414938780485
KHM,2032,2.2368027243675788
KHM,2033,2.3821299737787918
CMR,2018,1
CMR,2019,1.038903108
CMR,2020,1.0584076661077637
CMR,2021,1.0912986009131014
CMR,2022,1.1334795159049413
CMR,2023,1.1802696239976658
CMR,2024,1.2347684499574476
CMR,2025,1.2945120496946019
CMR,2026,1.35714631100452
CMR,2027,1.4228110969748806
CMR,2028,1.4916530378927733
CMR,2029,1.5638258586719624
CMR,2030,1.6394907221225383
CMR,2031,1.7188165888294844
CMR,2032,1.8019805944437746
CMR,2033,1.8891684452284931
CAN,2018,1
CAN,2019,1.016362776
CAN,2020,1.0044744070345601
CAN,2021,1.0175970666053131
CAN,2022,1.034706048197796
CAN,2023,1.0522960510171586
CAN,2024,1.0701850838844502
CAN,2025,1.0883782303104859
CAN,2026,1.106880660225764
CAN,2027,1.1256976314496019
CAN,2028,1.144834491184245
CAN,2029,1.164296677534377
CAN,2030,1.1840897210524612
CAN,2031,1.204219246310353
CAN,2032,1.2246909734976288
CAN,2033,1.2455107200470885
CAF,2018,1
CAF,2019,1.029702827
CAF,2020,1.0404494101381314
CAF,2021,1.0819563227309221
CAF,2022,1.1362105875878226
CAF,2023,1.1931300261606657
CAF,2024,1.2528561191637346
CAF,2025,1.3149297287827189
CAF,2026,1.380078817662404
CAF,2027,1.4484557625171623
CAF,2028,1.5202204896694493
CAF,2029,1.5955408491002754
CAF,2030,1.6745930070322668
CAF,2031,1.757561857963518
CAF,2032,1.8446414571159455
CAF,2033,1.9360354743095871
TCD,2018,1
TCD,2019,1.02961439
TCD,2020,1.0644830957423326
TCD,2021,1.1263924862652344
TCD,2022,1.1866543874106708
TCD,2023,1.2352601545815036
TCD,2024,1.2810823955966375
TCD,2025,1.3291248724658804
TCD,2026,1.378969012984288
TCD,2027,1.4306823821925552
TCD,2028,1.484335078919925
TCD,2029,1.5399998308049934
TCD,2030,1.5977520928799316
TCD,2031,1.6576701498517619
TCD,2032,1.7198352222193338
TCD,2033,1.7843315763698413
CHL,2018,1
CHL,2019,1.0112375
CHL,2020,0.950474501774525
CHL,2021,0.9933058597106246
CHL,2022,1.0253663280773622
CHL,2023,1.0513491487693967
CHL,2024,1.0780142827787746
CHL,2025,1.105166153058124
CHL,2026,1.1330018955935683
CHL,2027,1.1615387350277508
CHL,2028,1.1907943298391834
CHL,2029,1.2207867832692398
CHL,2030,1.2515346545243675
CHL,2031,1.283056970260447
CHL,2032,1.315373236356409
CHL,2033,1.3485034499843913
CHN,2018,1
CHN,2019,1.061101203
CHN,2020,1.0736319232490266
CHN,2021,1.1724711265770138
CHN,2022,1.239369827006114
CHN,2023,1.3088441465247902
CHN,2024,1.3808928441527688
CHN,2025,1.4555451872526555
CHN,2026,1.5342333049992871
CHN,2027,1.6171753750991227
CHN,2028,1.7046013701470277
CHN,2029,1.7967536952688423
CHN,2030,1.8938878602354905
CHN,2031,1.996273187912204
CHN,2032,2.1041935610071634
CHN,2033,2.2179482091900615
COL,2018,1
COL,2019,1.033221649
COL,2020,1.008566657772593
COL,2021,1.0463387761228984
COL,2022,1.0861263427640864
COL,2023,1.1289197206689914
COL,2024,1.1722702379426808
COL,2025,1.2172854150796797
COL,2026,1.2640291750187393
COL,2027,1.3125678953394588
COL,2028,1.3629705025204941
COL,2029,1.4153085698172811
COL,2030,1.4696564188982646
COL,2031,1.526091225383958
COL,2032,1.584693128438702
COL,2033,1.6455453445707482
COM,2018,1
COM,2019,1.018655087
COM,2020,1.0068390221096686
COM,2021,1.0380096456770642
COM,2022,1.0753331176884366
COM,2023,1.1152204640775176
COM,2024,1.1574296750354878
COM,2025,1.201923188447394
COM,2026,1.248127106196112
COM,2027,1.2961071790567784
COM,2028,1.3459316853732095
COM,2029,1.3976715282218266
COM,2030,1.4514003363107244
COM,2031,1.5071945687574657
COM,2032,1.5651336238947087
COM,2033,1.6252999522585025
COD,2018,1
COD,2019,1.0438053840000001
COD,2020,1.0204394247092219
COD,2021,1.056581431929606
COD,2022,1.1039033506930698
COD,2023,1.1517986813454277
COD,2024,1.2068290319448778
COD,2025,1.258591337494474
COD,2026,1.312573788735703
COD,2027,1.3688716103081888
COD,2028,1.4275841111474763
COD,2029,1.4888148596652495
COD,2030,1.5526718664432333
COD,2031,1.6192677747630517
COD,2032,1.6887200593081324
COD,2033,1.7611512333881674
COG,2018,1
COG,2019,0.990977717
COG,2020,0.9649548026899702
COG,2021,0.9990393087031392
COG,2022,1.0302835657533924
COG,2023,1.0240385575548907
COG,2024,1.0208335380620723
COG,2025,1.0144574434291764
COG,2026,1.0081211736856985
COG,2027,1.001824480086614
COG,2028,0.995567115440552
COG,2029,0.9893488341000909
COG,2030,0.9831693919521156
COG,2031,0.9770285464082339
COG,2032,0.9709260563952531
COG,2033,0.9648616823457161
CRI,2018,1
CRI,2019,1.021561479
CRI,2020,1.0074496481387623
CRI,2021,1.0368519180245936
CRI,2022,1.0684683242105268
CRI,2023,1.101170685256519
CRI,2024,1.1364451762513605
CRI,2025,1.175821071924561
CRI,2026,1.2165612755225668
CRI,2027,1.2587130579983776
CRI,2028,1.302325328163249
CRI,2029,1.347448689435698
CRI,2030,1.3941354985567702
CRI,2031,1.4424399263396857
CRI,2032,1.4924180205243607
CRI,2033,1.5441277708097307
CIV,2018,1
CIV,2019,1.069
CIV,2020,1.107484
CIV,2021,1.203835108
CIV,2022,1.2937613762849507
CIV,2023,1.3778154408755088
CIV,2024,1.465948733765196
CIV,2025,1.5567923688548686
CIV,2026,1.653265509155893
CIV,2027,1.7557170104675042
CIV,2028,1.864517346895359
CIV,2029,1.9800599505201706
CIV,2030,2.1027626340845065
CIV,2031,2.233069101842313
CIV,2032,2.3714505540345416
CIV,2033,2.5184073907928055
HRV,2018,1
HRV,2019,1.029192335
HRV,2020,0.9491521026834362
HRV,2021,0.9958371900737776
HRV,2022,1.0304739172337238
HRV,2023,1.0534835888225798
HRV,2024,1.0747139452903838
HRV,2025,1.0956723116390887
HRV,2026,1.117039394299638
HRV,2027,1.1388231637894268
HRV,2028,1.1610317460616528
HRV,2029,1.1836734255365218
HRV,2030,1.206756648191568
HRV,2031,1.2302900247122388
HRV,2032,1.2542823337039206
HRV,2033,1.2787425249666036
CYP,2018,1
CYP,2019,1.032300341
CYP,2020,0.9855793349583398
CYP,2021,1.0372100950576517
CYP,2022,1.0776164833632138
CYP,2023,1.1088178977065442
CYP,2024,1.1363156922977125
CYP,2025,1.1643097247942322
CYP,2026,1.1929934123406014
CYP,2027,1.222383745132421
CYP,2028,1.2524981319321495
CYP,2029,1.283354410380826
CYP,2030,1.3149708575638333
CYP,2031,1.3473662008369542
CYP,2032,1.380559628919139
CYP,2033,1.4145708032585498
CZE,2018,1
CZE,2019,1.024489755
CZE,2020,1.0041549149999336
CZE,2021,1.0541246840683145
CZE,2022,1.0806260574820885
CZE,2023,1.1077503366923172
CZE,2024,1.1355096728218068
CZE,2025,1.163916316336366
CZE,2026,1.1930335987957768
CZE,2027,1.222879298002957
CZE,2028,1.2534716365018255
CZE,2029,1.2848292927032325
CZE,2030,1.3169714122892198
CZE,2031,1.3499176199025793
CZE,2032,1.3836880311288449
CZE,2033,1.4183032647780323
DNK,2018,1
DNK,2019,1.022519927
DNK,2020,1.0000244886060001
DNK,2021,1.033025296729998
DNK,2022,1.051619752071138
DNK,2023,1.0705489076084185
DNK,2024,1.089283513491566
DNK,2025,1.1086727600317157
DNK,2026,1.1284071351602802
DNK,2027,1.1484927821661333
DNK,2028,1.1689359536886905
DNK,2029,1.1897430136643492
DNK,2030,1.2109204393075748
DNK,2031,1.2324748231272495
DNK,2032,1.2544128749789147
DNK,2033,1.2767414241535395
DJI,2018,1
DJI,2019,1.074982355
DJI,2020,1.10723182565
DJI,2021,1.20134653083025
DJI,2022,1.2854407879883676
DJI,2023,1.3689944392076112
DJI,2024,1.4511341055600682
DJI,2025,1.5382021518936722
DJI,2026,1.6304942810072927
DJI,2027,1.7283239378677302
DJI,2028,1.8320233741397942
DJI,2029,1.9419447765881819
DJI,2030,2.058461463183473
DJI,2031,2.1819691509744814
DJI,2032,2.3128873000329504
DJI,2033,2.4516605380349277
DMA,2018,1
DMA,2019,1.094985262
DMA,2020,1.0462252365026057
DMA,2021,1.0788557043098286
DMA,2022,1.1171050423275504
DMA,2023,1.145703525711018
DMA,2024,1.1645727094046754
DMA,2025,1.182041314020618
DMA,2026,1.1997719479154232
DMA,2027,1.217768541531418
DMA,2028,1.2360350842676118
DMA,2029,1.254575625364047
DMA,2030,1.2733942747994151
DMA,2031,1.2924952042021376
DMA,2032,1.3118826477751122
DMA,2033,1.3315609032343305
DOM,2018,1
DOM,2019,1.050541672
DOM,2020,1.0720663222201503
DOM,2021,1.1203618444022436
DOM,2022,1.1767135053153752
DOM,2023,1.2351139742679167
DOM,2024,1.2968696729813125
DOM,2025,1.3617131566303782
DOM,2026,1.4297988144618972
DOM,2027,1.501288755184992
DOM,2028,1.5763531929442418
DOM,2029,1.655170852591454
DOM,2030,1.7379293952210266
DOM,2031,1.824825864982078
DOM,2032,1.9160671582311821
DOM,2033,2.011870516142741
ECU,2018,1
ECU,2019,1.001409524
ECU,2020,0.9617834396997771
ECU,2021,0.9859490392082213
ECU,2022,1.0013618639008668
ECU,2023,1.0182439206964724
ECU,2024,1.0392649361462643
ECU,2025,1.0641026260849955
ECU,2026,1.089533919079152
ECU,2027,1.1155730018179255
ECU,2028,1.1422344000422506
ECU,2029,1.1695329866478987
ECU,2030,1.1974839899822312
ECU,2031,1.2261030023392376
ECU,2032,1.255405988657602
ECU,2033,1.2854092954266425
EGY,2018,1
EGY,2019,1.055576839
EGY,2020,1.0896008366320966
EGY,2021,1.1097985679437927
EGY,2022,1.1720923273234896
EGY,2023,1.230855914572019
EGY,2024,1.2961523001880126
EGY,2025,1.3694445061198548
EGY,2026,1.4468810918823514
EGY,2027,1.528696405506952
EGY,2028,1.6151380464649092
EGY,2029,1.706467614982967
EGY,2030,1.8029615037298443
EGY,2031,1.9049117342694062
EGY,2032,2.0126268408119046
EGY,2033,2.126432803937798
SLV,2018,1
SLV,2019,1.023
SLV,2020,1.0485749999999998
SLV,2021,1.0747893749999997
SLV,2022,1.1005843199999998
SLV,2023,1.1269983436799997
SLV,2024,1.1540463039283197
SLV,2025,1.1817434152225994
SLV,2026,1.2101052571879418
SLV,2027,1.2391477833604525
SLV,2028,1.2688873301611034
SLV,2029,1.2993406260849698
SLV,2030,1.3305248011110091
SLV,2031,1.3624573963376734
SLV,2032,1.3951563738497776
SLV,2033,1.4286401268221725
GNQ,2018,1
GNQ,2019,0.939066002
GNQ,2020,0.9106890397958854
GNQ,2021,0.9236725531198255
GNQ,2022,0.8768143286040436
GNQ,2023,0.8655841380312568
GNQ,2024,0.8523144631329865
GNQ,2025,0.834441079392158
GNQ,2026,0.8169425078364618
GNQ,2027,0.799810888500703
GNQ,2028,0.7830385262463789
GNQ,2029,0.7666178873051966
GNQ,2030,0.7505415958950729
GNQ,2031,0.7348024309070988
GNQ,2032,0.7193933226619803
GNQ,2033,0.7043073497344964
ERI,2018,1
ERI,2019,1.03835908
ERI,2020,1.0681570698837035
ERI,2021,1.1046025164734548
ERI,2022,1.1455311657339178
ERI,2023,1.190444071444124
ERI,2024,1.2374539899876775
ERI,2025,1.2867344789554378
ERI,2026,1.337977518945338
ERI,2027,1.391261266781614
ERI,2028,1.446666991813529
ERI,2029,1.5042791998688763
ERI,2030,1.5641857621438158
ERI,2031,1.6264780492256359
ERI,2032,1.6912510704528463
ERI,2033,1.7586036188251652
EST,2018,1
EST,2019,1.04334473
EST,2020,1.0172611117500001
EST,2021,1.03862359509675
EST,2022,1.0645891849741687
EST,2023,1.092268503783497
EST,2024,1.122852021889435
EST,2025,1.154291878502339
EST,2026,1.1866120511004046
EST,2027,1.219837188531216
EST,2028,1.25399262981009
EST,2029,1.2891044234447726
EST,2030,1.3251993473012262
EST,2031,1.3623049290256608
EST,2032,1.4004494670383791
EST,2033,1.439662052115454
ETH,2018,1
ETH,2019,1.089671062
ETH,2020,1.1454341809586328
ETH,2021,1.1922748642036023
ETH,2022,1.301785382017195
ETH,2023,1.4126338665973726
ETH,2024,1.5255893292272735
ETH,2025,1.6473177875825264
ETH,2026,1.7787590941398914
ETH,2027,1.9206882477901124
ETH,2028,2.073942085441799
ETH,2029,2.239424216145205
ETH,2030,2.418110348915189
ETH,2031,2.6110540456670677
ETH,2032,2.8193929331855636
ETH,2033,3.0443554107536306
EURO,2018,1
EURO,2019,1.012278113
EURO,2020,0.9749488462519024
EURO,2021,1.0136404312015834
EURO,2022,1.0293841940286035
EURO,2023,1.0436351524828225
EURO,2024,1.0577292385773427
EURO,2025,1.0716472534706756
EURO,2026,1.0857484070459187
EURO,2027,1.1000351091134561
EURO,2028,1.1145098011928984
EURO,2029,1.1291749569303269
EURO,2030,1.144033082521024
EURO,2031,1.159086717137771
EURO,2032,1.1743384333647762
EURO,2033,1.1897908376373172
FJI,2018,1
FJI,2019,1.005
FJI,2020,0.9446999999999999
FJI,2021,1.020276
FJI,2022,1.0712898
FJI,2023,1.1066423633999998
FJI,2024,1.1431615613921997
FJI,2025,1.1797427313567501
FJI,2026,1.2174944987601661
FJI,2027,1.2564543227204916
FJI,2028,1.2966608610475474
FJI,2029,1.3381540086010688
FJI,2030,1.3809749368763031
FJI,2031,1.425166134856345
FJI,2032,1.470771451171748
FJI,2033,1.517836137609244
FIN,2018,1
FIN,2019,1.009800738
FIN,2020,0.948903433155781
FIN,2021,0.978282673371189
FIN,2022,0.9911795029875543
FIN,2023,1.0043811843501045
FIN,2024,1.0176419086013366
FIN,2025,1.030871778516379
FIN,2026,1.0442736435669295
FIN,2027,1.0578497397784996
FIN,2028,1.071602332246086
FIN,2029,1.0855337155120883
FIN,2030,1.0996462139491427
FIN,2031,1.1139421821479278
FIN,2032,1.128424005310017
FIN,2033,1.1430940996458339
FRA,2018,1
FRA,2019,1.013101991
FRA,2020,0.9403577049664977
FRA,2021,0.9823950495747916
FRA,2022,1.0013463303070538
FRA,2023,1.0162599589811494
FRA,2024,1.0307179316940684
FRA,2025,1.0453821072238159
FRA,2026,1.0602549121344589
FRA,2027,1.075339314626868
FRA,2028,1.0906383251309435
FRA,2029,1.106154996906415
FRA,2030,1.1218924266521872
FRA,2031,1.1378537551243546
FRA,2032,1.1540421677630106
FRA,2033,1.1704608953279736
GAB,2018,1
GAB,2019,1.0340225
GAB,2020,1.0216536810604426
GAB,2021,1.0581098509936797
GAB,2022,1.1141503621991604
GAB,2023,1.1635955374871934
GAB,2024,1.21744771172797
GAB,2025,1.2665156037741305
GAB,2026,1.3175611232835982
GAB,2027,1.370663976357869
GAB,2028,1.4259070815652628
GAB,2029,1.483376699415868
GAB,2030,1.5431625670548317
GAB,2031,1.6053580383843153
GAB,2032,1.670060229832911
GAB,2033,1.7373701720001338
GMB,2018,1
GMB,2019,1.059752044
GMB,2020,1.100459024384463
GMB,2021,1.1943478212575838
GMB,2022,1.2596543468796024
GMB,2023,1.3254752808679957
GMB,2024,1.3940786141091557
GMB,2025,1.4637825448146136
GMB,2026,1.5369716720553441
GMB,2027,1.6138202556581116
GMB,2028,1.694511268441017
GMB,2029,1.779236831863068
GMB,2030,1.8681986734562215
GMB,2031,1.9616086071290326
GMB,2032,2.0596890374854846
GMB,2033,2.162673489359759
GEO,2018,1
GEO,2019,1.051649684
GEO,2020,1.03061669032
GEO,2021,1.0873033033502453
GEO,2022,1.1438454867631846
GEO,2023,1.2033264369258345
GEO,2024,1.2658998255902723
GEO,2025,1.3317246619716356
GEO,2026,1.4009722882112825
GEO,2027,1.4738206840970562
GEO,2028,1.5504570840909668
GEO,2029,1.6310784585579592
GEO,2030,1.7158920200178331
GEO,2031,1.8051157557214814
GEO,2032,1.8989789879202716
GEO,2033,1.9977229632685682
DEU,2018,1
DEU,2019,1.005645001
DEU,2020,0.9357347950736722
DEU,2021,0.9839312904119787
DEU,2022,0.9995321891108068
DEU,2023,1.0128645111862569
DEU,2024,1.025432123912411
DEU,2025,1.0371014307358646
DEU,2026,1.0489035330106842
DEU,2027,1.060839941934764
DEU,2028,1.0729121859032678
DEU,2029,1.0851218107043308
DEU,2030,1.0974703797169905
DEU,2031,1.1099594741113687
DEU,2032,1.1225906930511327
DEU,2033,1.1353656538982597
GHA,2018,1
GHA,2019,1.061129575
GHA,2020,1.076906807121767
GHA,2021,1.1401006807026803
GHA,2022,1.1781862558467588
GHA,2023,1.2624025911585643
GHA,2024,1.317319199462263
GHA,2025,1.373797313141431
GHA,2026,1.4326968424699411
GHA,2027,1.4941216020649066
GHA,2028,1.5581798574417118
GHA,2029,1.624984515839696
GHA,2030,1.6946533252292086
GHA,2031,1.7673090818507964
GHA,2032,1.8430798466523264
GHA,2033,1.9220991710055315
GRC,2018,1
GRC,2019,1.018703147
GRC,2020,0.9164290642141709
GRC,2021,0.9628371823203431
GRC,2022,1.0104401722762055
GRC,2023,1.0415132274436032
GRC,2024,1.0531912392913834
GRC,2025,1.064077546323554
GRC,2026,1.0750763796248173
GRC,2027,1.0861889023225038
GRC,2028,1.0974162895666049
GRC,2029,1.108759728654045
GRC,2030,1.1202204191542386
GRC,2031,1.131799573035945
GRC,2032,1.1434984147954328
GRC,2033,1.155318181585972
GRD,2018,1
GRD,2019,1.031423653
GRD,2020,0.9489028409387121
GRD,2021,1.0067441368905956
GRD,2022,1.0587334571739933
GRD,2023,1.0999907637778172
GRD,2024,1.1325900405535525
GRD,2025,1.1635708575563024
GRD,2026,1.1953991224332088
GRD,2027,1.2280980162352861
GRD,2028,1.2616913541069754
GRD,2029,1.2962036026311066
GRD,2030,1.3316598976483156
GRD,2031,1.3680860625638922
GRD,2032,1.405508627155392
GRD,2033,1.4439548468947123
GTM,2018,1
GTM,2019,1.035704903
GTM,2020,1.0688578169450302
GTM,2021,1.1051989827211612
GTM,2022,1.1447761582924059
GTM,2023,1.185598876097113
GTM,2024,1.227177828681839
GTM,2025,1.2696995404456646
GTM,2026,1.313694629522107
GTM,2027,1.359214148435048
GTM,2028,1.4063109186783225
GTM,2029,1.4550395920105266
GTM,2030,1.5054567138736914
GTM,2031,1.557620789009415
GTM,2032,1.6115923493485913
GTM,2033,1.66743402425352
GIN,2018,1
GIN,2019,1.056446151
GIN,2020,1.117234293890247
GIN,2021,1.186687618484292
GIN,2022,1.2525743176410324
GIN,2023,1.3165562571974447
GIN,2024,1.3821027930791918
GIN,2025,1.4506344277970604
GIN,2026,1.5225642069804648
GIN,2027,1.5980606277892373
GIN,2028,1.6773005423231375
GIN,2029,1.760469571901957
GIN,2030,1.8477625418877246
GIN,2031,1.9393839380675921
GIN,2032,2.0355483856664867
GIN,2033,2.1364811521116303
GNB,2018,1
GNB,2019,1.046
GNB,2020,1.03031
GNB,2021,1.0612193
GNB,2022,1.114280265
GNB,2023,1.1699942782500001
GNB,2024,1.2284939921625002
GNB,2025,1.2899186917706253
GNB,2026,1.3544146263591565
GNB,2027,1.4221353576771145
GNB,2028,1.4932421255609702
GNB,2029,1.5679042318390188
GNB,2030,1.64629944343097
GNB,2031,1.7286144156025185
GNB,2032,1.8150451363826445
GNB,2033,1.9057973932017767
GUY,2018,1
GUY,2019,1.046625038
GUY,2020,1.7001571517406555
GUY,2021,1.8099735817747304
GUY,2022,2.170804705933372
GUY,2023,2.7804398495277094
GUY,2024,2.927983603757593
GUY,2025,3.1111526860558696
GUY,2026,3.3057804775719632
GUY,2027,3.5125838133486162
GUY,2028,3.7323243722647086
GUY,2029,3.965811482380308
GUY,2030,4.213905101778769
GUY,2031,4.47751898588464
GUY,2032,4.757624052922952
GUY,2033,5.055251959915239
HTI,2018,1
HTI,2019,0.988025588
HTI,2020,0.9485045644799999
HTI,2021,0.95988661925376
HTI,2022,0.9694854854462975
HTI,2023,0.9801498257862067
HTI,2024,0.9919116236956412
HTI,2025,1.0057949712756598
HTI,2026,1.019872637921433
HTI,2027,1.0341473434308406
HTI,2028,1.048621845669569
HTI,2029,1.0632989411039284
HTI,2030,1.0781814653411292
HTI,2031,1.0932722936771198
HTI,2032,1.1085743416520923
HTI,2033,1.1240905656137634
HND,2018,1
HND,2019,1.0254
HND,2020,1.0534959600000002
HND,2021,1.0852483282344003
HND,2022,1.1195931820780343
HND,2023,1.156796535782919
HND,2024,1.1971581131759514
HND,2025,1.242687222603723
HND,2026,1.2899478491823804
HND,2027,1.339005844225105
HND,2028,1.3899295634357773
HND,2029,1.4427899621534375
HND,2030,1.4976606942189854
HND,2031,1.5546182146018814
HND,2032,1.6137418859298418
HND,2033,1.6751140890699627
HKG,2018,1
HKG,2019,0.988117277
HKG,2020,0.9635981368647566
HKG,2021,0.9990479304135095
HKG,2022,1.0274401852508852
HKG,2023,1.0559369857378333
HKG,2024,1.0854881362227142
HKG,2025,1.1161901000354477
HKG,2026,1.147760438683892
HKG,2027,1.180223713295794
HKG,2028,1.2136051796862317
HKG,2029,1.24793080800616
HKG,2030,1.283227302946699
HKG,2031,1.3195221245148803
HKG,2032,1.356843509397013
HKG,2033,1.3952204929262944
HUN,2018,1
HUN,2019,1.049277961
HUN,2020,1.016750344209
HUN,2021,1.059453858665778
HUN,2022,1.0880591128497539
HUN,2023,1.114172531558148
HUN,2024,1.1386843272524274
HUN,2025,1.1637353824519807
HUN,2026,1.1893375608659245
HUN,2027,1.2155029872049747
HUN,2028,1.2422440529234842
HUN,2029,1.269573422087801
HUN,2030,1.2975040373737325
HUN,2031,1.3260491261959546
HUN,2032,1.3552222069722657
HUN,2033,1.3850370955256557
ISL,2018,1
ISL,2019,1.019186808
ISL,2020,0.945745931079599
ISL,2021,1.0029440075585356
ISL,2022,1.0249948338001744
ISL,2023,1.0455277127599398
ISL,2024,1.0674630880515474
ISL,2025,1.088591606985674
ISL,2026,1.1101383270897958
ISL,2027,1.132111525906656
ISL,2028,1.154519644818124
ISL,2029,1.1773712922880955
ISL,2030,1.2006752471695825
ISL,2031,1.2244404620772615
ISL,2032,1.2486760668267731
ISL,2033,1.2733913719420973
IND,2018,1
IND,2019,1.04228482
IND,2020,1.0617882078099934
IND,2021,1.1406250839670617
IND,2022,1.2226322623008912
IND,2023,1.3107355624851595
IND,2024,1.4051986740653433
IND,2025,1.5068412160898226
IND,2026,1.615835890264633
IND,2027,1.7327144999673687
IND,2028,1.8580473156252695
IND,2029,1.992445857160707
IND,2030,2.1365658776999092
IND,2031,2.2911105631029383
IND,2032,2.456833962925966
IND,2033,2.6345446695560937
IDN,2018,1
IDN,2019,1.05024714
IDN,2020,1.0451103255751615
IDN,2021,1.1372365666698991
IDN,2022,1.1998927745236965
IDN,2023,1.2612142606794134
IDN,2024,1.3252693806196452
IDN,2025,1.3926686571953244
IDN,2026,1.4634956614083847
IDN,2027,1.537924717336962
IDN,2028,1.6161390146656318
IDN,2029,1.6983310595639034
IDN,2030,1.7847031484950562
IDN,2031,1.8754678661214923
IDN,2032,1.9708486085320798
IDN,2033,2.071080133079292
IRN,2018,1
IRN,2019,0.915002757
IRN,2020,0.8600779752608284
IRN,2021,0.8859915226008546
IRN,2022,0.8995947095079961
IRN,2023,0.9134696525902336
IRN,2024,0.9235500560262357
IRN,2025,0.9338029771937689
IRN,2026,0.9441697226113053
IRN,2027,0.9546515559148055
IRN,2028,0.9652497547686631
IRN,2029,0.9759656110214429
IRN,2030,0.9868004308633486
IRN,2031,0.9977555349854388
IRN,2032,1.00883225874061
IRN,2033,1.0200319523063675
IRQ,2018,1
IRQ,2019,1.039144311
IRQ,2020,1.0090007702215953
IRQ,2021,1.0641303979098435
IRQ,2022,1.0838743595072249
IRQ,2023,1.1052460564759448
IRQ,2024,1.1271337912291357
IRQ,2025,1.1443246836499008
IRQ,2026,1.1617777692410967
IRQ,2027,1.179497046937563
IRQ,2028,1.1974865766653533
IRQ,2029,1.2157504802719654
IRQ,2030,1.2342929424707585
IRQ,2031,1.2531182117997752
IRQ,2032,1.272230601595187
IRQ,2033,1.2916344909795854
IRL,2018,1
IRL,2019,1.055434035
IRL,2020,1.0501527275235827
IRL,2021,1.1115690636243045
IRL,2022,1.1490016587173462
IRL,2023,1.181728337454108
IRL,2024,1.2141121939218598
IRL,2025,1.2458674015534226
IRL,2026,1.2784531693397816
IRL,2027,1.3118912206523832
IRL,2028,1.3462038470393
IRL,2029,1.38141392308594
IRL,2030,1.4175449216644362
IRL,2031,1.4546209295818882
IRL,2032,1.4926666636378816
IRL,2033,1.531707487101997
ISR,2018,1
ISR,2019,1.03520945
ISR,2020,1.0319380173284407
ISR,2021,1.0931473527183682
ISR,2022,1.1296475187763926
ISR,2023,1.16611678137928
ISR,2024,1.2029528269164624
ISR,2025,1.2408435950514032
ISR,2026,1.2799278516405304
ISR,2027,1.3202431893419078
ISR,2028,1.3618283849121433
ISR,2029,1.4047234365032812
ISR,2030,1.4489696021344785
ISR,2031,1.4946094393754672
ISR,2032,1.541686846279971
ISR,2033,1.590247103608448
ITA,2018,1
ITA,2019,1.003012795
ITA,2020,0.9114024608866279
ITA,2021,0.9554187019763075
ITA,2022,0.9697342859320973
ITA,2023,0.9762959357635339
ITA,2024,0.9825442297524205
ITA,2025,0.988439495130935
ITA,2026,0.9943701321017206
ITA,2027,1.000336352894331
ITA,2028,1.0063383710116969
ITA,2029,1.0123764012377672
ITA,2030,1.0184506596451937
ITA,2031,1.0245613636030648
ITA,2032,1.0307087317846833
ITA,2033,1.0368929841753913
JAM,2018,1
JAM,2019,1.009703081
JAM,2020,0.9633315956313161
JAM,2021,1.0009989852284729
JAM,2022,1.0204532853915047
JAM,2023,1.0423940004580434
JAM,2024,1.0631032691673874
JAM,2025,1.0851665901691903
JAM,2026,1.1076878066057516
JAM,2027,1.1306764214992664
JAM,2028,1.1541421350947536
JAM,2029,1.1780948489531589
JAM,2030,1.2025446701294038
JAM,2031,1.2275019154371452
JAM,2032,1.2529771158020435
JAM,2033,1.2789810207053787
JPN,2018,1
JPN,2019,1.006541519
JPN,2020,0.954577570002849
JPN,2021,0.9833271611526322
JPN,2022,0.9939478369050873
JPN,2023,1.0024809486612662
JPN,2024,1.0115238300636271
JPN,2025,1.0188107880554995
JPN,2026,1.0261502408628147
JPN,2027,1.0335425666551263
JPN,2028,1.0409881463262982
JPN,2029,1.0484873635141323
JPN,2030,1.0560406046201336
JPN,2031,1.0636482588294214
JPN,2032,1.0713107181307813
JPN,2033,1.0790283773368632
JOR,2018,1
JOR,2019,1.020208834
JOR,2020,0.9996371839186459
JOR,2021,1.0299859449036868
JOR,2022,1.0591845787117349
JOR,2023,1.0888417469156635
JOR,2024,1.122595841070049
JOR,2025,1.1596415038253605
JOR,2026,1.1979096734515973
JOR,2027,1.2374406926755
JOR,2028,1.2782762355337913
JOR,2029,1.3204593513064065
JOR,2030,1.3640345098995177
JOR,2031,1.4090476487262016
JOR,2032,1.455546221134166
JOR,2033,1.5035792464315936
KAZ,2018,1
KAZ,2019,1.045
KAZ,2020,1.00046194952
KAZ,2021,1.0419333293582134
KAZ,2022,1.0804762019946337
KAZ,2023,1.134562583551699
KAZ,2024,1.1699484105875895
KAZ,2025,1.2066102825155114
KAZ,2026,1.2444210024106563
KAZ,2027,1.2834165709348122
KAZ,2028,1.3236341168778454
KAZ,2029,1.3651119325090761
KAZ,2030,1.407889510036439
KAZ,2031,1.4520075792081364
KAZ,2032,1.4975081460925899
KAZ,2033,1.5444345330736131
KEN,2018,1
KEN,2019,1.056261843
KEN,2020,1.0669252657789867
KEN,2021,1.1323548332605764
KEN,2022,1.1985701846222907
KEN,2023,1.2679822378093772
KEN,2024,1.341691456557467
KEN,2025,1.4199840555881773
KEN,2026,1.5028453138534867
KEN,2027,1.5905418293136144
KEN,2028,1.6833557568939084
KEN,2029,1.7815857162906037
KEN,2030,1.8855477527503677
KEN,2031,1.9955763539148403
KEN,2032,2.1120255260017684
KEN,2033,2.235269932785244
KIR,2018,1
KIR,2019,1.022966125
KIR,2020,1.0229791166697875
KIR,2021,1.0456499154209045
KIR,2022,1.0654718554206744
KIR,2023,1.0857581571978423
KIR,2024,1.1051456036016347
KIR,2025,1.1245399673607892
KIR,2026,1.1442746856799189
KIR,2027,1.1643557314915693
KIR,2028,1.1847891825481633
KIR,2029,1.2055812232615002
KIR,2030,1.2267381465745373
KIR,2031,1.2482663558660196
KIR,2032,1.2701723668885332
KIR,2033,1.2924628097405704
KOR,2018,1
KOR,2019,1.020331565
KOR,2020,1.0218624347685212
KOR,2021,1.050704554104847
KOR,2022,1.0814679656824586
KOR,2023,1.111680230041148
KOR,2024,1.1404444868644055
KOR,2025,1.1680745395241325
KOR,2026,1.1963739976821302
KOR,2027,1.225359079321282
KOR,2028,1.2550463953447117
KOR,2029,1.2854529590952348
KOR,2030,1.3165961961054429
KOR,2031,1.348493954084008
KOR,2032,1.3811645131439287
KOR,2033,1.4146265962785816
UVK,2018,1
UVK,2019,1.04
UVK,2020,0.998192
UVK,2021,1.0606788192
UVK,2022,1.0999239355104
UVK,2023,1.1417210450597952
UVK,2024,1.186248165817127
UVK,2025,1.2336980924498122
UVK,2026,1.2830460161478048
UVK,2027,1.334367856793717
UVK,2028,1.3877425710654656
UVK,2029,1.4432522739080844
UVK,2030,1.5009823648644078
UVK,2031,1.561021659458984
UVK,2032,1.6234625258373436
UVK,2033,1.6884010268708374
KWT,2018,1
KWT,2019,1.007340774
KWT,2020,1.0096393946919673
KWT,2021,1.038577798160077
KWT,2022,1.066170934585687
KWT,2023,1.0945546886024997
KWT,2024,1.123753229779168
KWT,2025,1.1537915019746663
KWT,2026,1.1846327064978148
KWT,2027,1.2162983059786405
KWT,2028,1.2488103367499244
KWT,2029,1.2821914241824544
KWT,2030,1.316464798430193
KWT,2031,1.3516543105963195
KWT,2032,1.3877844493313953
KWT,2033,1.424880357875203
KGZ,2018,1
KGZ,2019,1.044684971
KGZ,2020,1.0024382858146645
KGZ,2021,1.0824833869195947
KGZ,2022,1.1685844272703947
KGZ,2023,1.2157232825460096
KGZ,2024,1.2656251733825383
KGZ,2025,1.3179670768030436
KGZ,2026,1.3724736612928734
KGZ,2027,1.429234450614552
KGZ,2028,1.48834267092546
KGZ,2029,1.5498954038961492
KGZ,2030,1.6139937461611047
KGZ,2031,1.6807429753638412
KGZ,2032,1.7502527230690546
KGZ,2033,1.8226371548258236
LAO,2018,1
LAO,2019,1.04720459
LAO,2020,1.054777125359162
LAO,2021,1.1138601496030178
LAO,2022,1.1758408786920553
LAO,2023,1.2434698477489483
LAO,2024,1.3152026899202143
LAO,2025,1.394570317843771
LAO,2026,1.4787274891665994
LAO,2027,1.567963235154641
LAO,2028,1.6625840290439229
LAO,2029,1.7629148385990725
LAO,2030,1.8693002421898572
LAO,2031,1.9821056122188214
LAO,2032,2.1017183699644124
LAO,2033,2.2285493161492615
LVA,2018,1
LVA,2019,1.021974418
LVA,2020,0.934004050698757
LVA,2021,1.0113899840211857
LVA,2022,1.0382887805555152
LVA,2023,1.067227982059779
LVA,2024,1.0984839541384985
LVA,2025,1.1316519894827552
LVA,2026,1.1658215128910414
LVA,2027,1.2010227636685193
LVA,2028,1.2372868941772401
LVA,2029,1.274645997405326
LVA,2030,1.3131331353685853
LVA,2031,1.352782368369697
LVA,2032,1.393628785140857
LVA,2033,1.4357085338965658
LBN,2018,1
LBN,2019,0.93487158
LBN,2020,0.8225057636744739
LBN,2021,0.7236456276462372
LBN,2022,0.6366678721764782
LBN,2023,0.5601443081749438
LBN,2024,0.49281840609952215
LBN,2025,0.4335846635339203
LBN,2026,0.3814704526556545
LBN,2027,0.33562004952678776
LBN,2028,0.29528058296573234
LBN,2029,0.25978967227827543
LBN,2030,0.22856455085733188
LBN,2031,0.20109249705913926
LBN,2032,0.17692241522930263
LBN,2033,0.15565742863774928
LSO,2018,1
LSO,2019,1.012478344
LSO,2020,1.0335288723731548
LSO,2021,1.0609085435844827
LSO,2022,1.1250476845268038
LSO,2023,1.1362622160985512
LSO,2024,1.1386514153438838
LSO,2025,1.159429625433752
LSO,2026,1.1805869981090444
LSO,2027,1.202130452361607
LSO,2028,1.2240670334416508
LSO,2029,1.2464039151617259
LSO,2030,1.2691484022427375
LSO,2031,1.292307932702774
LSO,2032,1.3158900802895241
LSO,2033,1.3399025569570844
LBR,2018,1
LBR,2019,0.974838843
LBR,2020,0.9504559905891815
LBR,2021,0.9887108196188381
LBR,2022,1.0320544198734094
LBR,2023,1.083152161799708
LBR,2024,1.141170804413905
LBR,2025,1.2027877137541954
LBR,2026,1.2677315952725017
LBR,2027,1.3361820870583003
LBR,2028,1.408328526663961
LBR,2029,1.484370474822077
LBR,2030,1.5645182674406322
LBR,2031,1.6489935974028527
LBR,2032,1.7380301277810324
LBR,2033,1.8318741381605113
LBY,2018,1
LBY,2019,1.098895923
LBY,2020,0.45425869556450327
LBY,2021,0.8206447409580244
LBY,2022,0.9994352148426111
LBY,2023,1.0904563584011822
LBY,2024,1.093708490735767
LBY,2025,1.0969931445115655
LBY,2026,1.1002876628449842
LBY,2027,1.1035920753615194
LBY,2028,1.106906411775639
LBY,2029,1.1102307018910502
LBY,2030,1.1135649756009676
LBY,2031,1.1169092628883817
LBY,2032,1.1202635938263288
LBY,2033,1.1236279985781614
LTU,2018,1
LTU,2019,1.039138404
LTU,2020,0.9551101260731871
LTU,2021,1.0330029643054017
LTU,2022,1.08613368054731
LTU,2023,1.1243418497371207
LTU,2024,1.1538114342764925
LTU,2025,1.1797737526545842
LTU,2026,1.2063202583231996
LTU,2027,1.233464096286781
LTU,2028,1.261218707330156
LTU,2029,1.2895978346739954
LTU,2030,1.3186155307800307
LTU,2031,1.3482861643093944
LTU,2032,1.3786244272375363
LTU,2033,1.4096453421292308
LUX,2018,1
LUX,2019,1.022977467
LUX,2020,1.0196724968701742
LUX,2021,1.059440642973031
LUX,2022,1.0895806634683267
LUX,2023,1.1195332522507808
LUX,2024,1.1491897955780963
LUX,2025,1.1796318309645804
LUX,2026,1.2108802758075685
LUX,2027,1.2429564918919505
LUX,2028,1.275882406876255
LUX,2029,1.3096805292826421
LUX,2030,1.3443739638839782
LUX,2031,1.379986427498517
LUX,2032,1.4165422652029798
LUX,2033,1.454066466975122
MAC,2018,1
MAC,2019,0.952893624
MAC,2020,0.6706871706255827
MAC,2021,0.8854195857416979
MAC,2022,0.9105910684673003
MAC,2023,0.9451157245258036
MAC,2024,0.9822645925222994
MAC,2025,1.0274270527840366
MAC,2026,1.0746659879919547
MAC,2027,1.1240768700972519
MAC,2028,1.1757595606506657
MAC,2029,1.2298185126270273
MAC,2030,1.2863629815292859
MAC,2031,1.3455072461986524
MAC,2032,1.4073708397771276
MAC,2033,1.472078791289204
MKD,2018,1
MKD,2019,1.035506573
MKD,2020,0.9940863100799999
MKD,2021,1.0636723517856
MKD,2022,1.1119630765566664
MKD,2023,1.156441599618933
MKD,2024,1.1973796322454433
MKD,2025,1.239766871226932
MKD,2026,1.2836546184683657
MKD,2027,1.329095991962146
MKD,2028,1.376145990077606
MKD,2029,1.4248615581263535
MKD,2030,1.4753016572840265
MKD,2031,1.527527335951881
MKD,2032,1.5816018036445778
MKD,2033,1.6375905074935961
MDG,2018,1
MDG,2019,1.047575701
MDG,2020,1.0641036139646602
MDG,2021,1.1148734477601399
MDG,2022,1.1728959827934085
MDG,2023,1.2358085915082933
MDG,2024,1.3020491517562176
MDG,2025,1.371130905920643
MDG,2026,1.4438778740687315
MDG,2027,1.5204845184533395
MDG,2028,1.6011556187516132
MDG,2029,1.6861068194681101
MDG,2030,1.7755652063810379
MDG,2031,1.8697699135725272
MDG,2032,1.9689727626656157
MDG,2033,2.0734389359767
MWI,2018,1
MWI,2019,1.045
MWI,2020,1.0920249999999998
MWI,2021,1.1504483374999999
MWI,2022,1.21682920657375
MWI,2023,1.2934894465878963
MWI,2024,1.3749792817229336
MWI,2025,1.460915486830617
MWI,2026,1.5522227047575305
MWI,2027,1.6492366238048761
MWI,2028,1.752313912792681
MWI,2029,1.8618335323422235
MWI,2030,1.9781981281136125
MWI,2031,2.101835511120713
MWI,2032,2.2332002305657577
MWI,2033,2.372775244976118
MYS,2018,1
MYS,2019,1.043303426
MYS,2020,1.0255672677580001
MYS,2021,1.1178683218562202
MYS,2022,1.1815868162020247
MYS,2023,1.2461428189947432
MYS,2024,1.312752279242345
MYS,2025,1.3821460201037197
MYS,2026,1.4552080016125337
MYS,2027,1.5321321315950625
MYS,2028,1.6131225680897956
MYS,2029,1.6983942611865808
MYS,2030,1.788173523508067
MYS,2031,1.8826986308475167
MYS,2032,1.98222045455709
MYS,2033,2.087003127364971
MDV,2018,1
MDV,2019,1.05656974
MDV,2020,0.9712584384865701
MDV,2021,1.099468662732509
MDV,2022,1.1696636765767106
MDV,2023,1.2388037924865136
MDV,2024,1.3052949904689424
MDV,2025,1.3755186287577004
MDV,2026,1.449520232495279
MDV,2027,1.5275030526564255
MDV,2028,1.6096812749264593
MDV,2029,1.696280607978379
MDV,2030,1.7875389033987217
MDV,2031,1.8837068089648479
MDV,2032,1.985048457067929
MDV,2033,2.0918421901724398
MLI,2018,1
MLI,2019,1.051
MLI,2020,1.100716066784
MLI,2021,1.1557518701232
MLI,2022,1.21353946362936
MLI,2023,1.2742164368108282
MLI,2024,1.3379272586513695
MLI,2025,1.404823621583938
MLI,2026,1.475064802663135
MLI,2027,1.5488180427962919
MLI,2028,1.6262589449361065
MLI,2029,1.707571892182912
MLI,2030,1.7929504867920576
MLI,2031,1.8825980111316605
MLI,2032,1.9767279116882437
MLI,2033,2.075564307272656
MLT,2018,1
MLT,2019,1.043840977
MLT,2020,1.0144632094451589
MLT,2021,1.0856576531532114
MLT,2022,1.1435428347566465
MLT,2023,1.1807691495666401
MLT,2024,1.2180232687507935
MLT,2025,1.2563570675881761
MLT,2026,1.2958973131093006
MLT,2027,1.3366819747731005
MLT,2028,1.3787502170186359
MLT,2029,1.4221424368736766
MLT,2030,1.466900302746906
MLT,2031,1.5130667944409992
MLT,2032,1.5606862444249976
MLT,2033,1.6098043804056152
MHL,2018,1
MHL,2019,1.024105732
MHL,2020,1.038443212248
MHL,2021,1.0726858771718777
MHL,2022,1.1027210817326905
MHL,2023,1.1280836666125422
MHL,2024,1.1506453399447931
MHL,2025,1.1713569560637993
MHL,2026,1.1924413812729477
MHL,2027,1.2139053261358608
MHL,2028,1.2357556220063064
MHL,2029,1.2579992232024197
MHL,2030,1.2806432092200635
MHL,2031,1.3036947869860247
MHL,2032,1.3271612931517731
MHL,2033,1.3510501964285049
MRT,2018,1
MRT,2019,1.05786601
MRT,2020,1.1191231990484116
MRT,2021,1.1888287958311445
MRT,2022,1.278342530235929
MRT,2023,1.3604856023623986
MRT,2024,1.4439455847938096
MRT,2025,1.533186041115993
MRT,2026,1.627941843119107
MRT,2027,1.7285538568098242
MRT,2028,1.8353840148044593
MRT,2029,1.9488166183128384
MRT,2030,2.069259719588934
MRT,2031,2.197146589821373
MRT,2032,2.3329372777442754
MRT,2033,2.4771202645752233
MUS,2018,1
MUS,2019,1.034824
MUS,2020,0.9644559679999999
MUS,2021,1.0213588701119998
MUS,2022,1.0734481724877118
MUS,2023,1.1163860993872203
MUS,2024,1.1588087711639348
MUS,2025,1.2028435044681642
MUS,2026,1.2485515576379544
MUS,2027,1.2959965168281968
MUS,2028,1.3452443844676683
MUS,2029,1.3963636710774399
MUS,2030,1.4494254905783825
MUS,2031,1.5045036592203611
MUS,2032,1.5616747982707349
MUS,2033,1.621018440605023
MEX,2018,1
MEX,2019,0.998543982
MEX,2020,0.9323380326145169
MEX,2021,0.9605353079197819
MEX,2022,0.9798432096854507
MEX,2023,1.0024795475156039
MEX,2024,1.0262929358973087
MEX,2025,1.0508946595377668
MEX,2026,1.0760861220187754
MEX,2027,1.1018814602319258
MEX,2028,1.1282951499505136
MEX,2029,1.1553420139530242
MEX,2030,1.1830372303413463
MEX,2031,1.211396341058389
MEX,2032,1.2404352606098752
MEX,2033,1.2701702849952103
FSM,2018,1
FSM,2019,1.011832655
FSM,2020,1.007950370475353
FSM,2021,1.0219143244052984
FSM,2022,1.0280458103517303
FSM,2023,1.0342140852138406
FSM,2024,1.0404193697251236
FSM,2025,1.0466618859434744
FSM,2026,1.0529418572591354
FSM,2027,1.0592595084026901
FSM,2028,1.0656150654531062
FSM,2029,1.072008755845825
FSM,2030,1.0784408083808998
FSM,2031,1.0849114532311852
FSM,2032,1.0914209219505724
FSM,2033,1.0979694474822759
MDA,2018,1
MDA,2019,1.035804843
MDA,2020,1.00473069771
MDA,2021,1.04592465631611
MDA,2022,1.0856697932561221
MDA,2023,1.1269252453998548
MDA,2024,1.1697484047250493
MDA,2025,1.2141988441046012
MDA,2026,1.260338400180576
MDA,2027,1.3082312593874381
MDA,2028,1.3579440472441606
MDA,2029,1.4095459210394388
MDA,2030,1.4631086660389376
MDA,2031,1.5187067953484172
MDA,2032,1.5764176535716572
MDA,2033,1.63632152440738
MNG,2018,1
MNG,2019,1.050991701
MNG,2020,1.04048178399
MNG,2021,1.1237203267092002
MNG,2022,1.1855249446782061
MNG,2023,1.2566564413588985
MNG,2024,1.3194892634268434
MNG,2025,1.3788662802810514
MNG,2026,1.4409152628936985
MNG,2027,1.5057564497239149
MNG,2028,1.573515489961491
MNG,2029,1.644323687009758
MNG,2030,1.7183182529251968
MNG,2031,1.7956425743068307
MNG,2032,1.876446490150638
MNG,2033,1.9608865822074164
MNE,2018,1
MNE,2019,1.036086698
MNE,2020,0.9531659950584255
MNE,2021,1.0103559547619312
MNE,2022,1.0507701929524085
MNE,2023,1.0822932987409806
MNE,2024,1.11476209770321
MNE,2025,1.1482049606343065
MNE,2026,1.1826511094533356
MNE,2027,1.2181306427369358
MNE,2028,1.2546745620190438
MNE,2029,1.2923147988796153
MNE,2030,1.3310842428460037
MNE,2031,1.3710167701313838
MNE,2032,1.4121472732353255
MNE,2033,1.4545116914323852
0,2018,1
0,2019,1.044935806
0,2020,0.9723043442554679
0,2021,0.9492081967205889
0,2022,0.9700907770484418
0,2023,0.9914327741435076
0,2024,1.0132442951746647
0,2025,1.0355356696685074
0,2026,1.0583174544012146
0,2027,1.0816004383980413
0,2028,1.1053956480427982
0,2029,1.12971435229974
0,2030,1.154568068050334
0,2031,1.1799685655474415
0,2032,1.2059278739894852
0,2033,1.232458287217254
MAR,2018,1
MAR,2019,1.024473497
MAR,2020,1.016494711975661
MAR,2021,1.0576253855310418
MAR,2022,1.096748866016659
MAR,2023,1.1396296277591011
MAR,2024,1.1849699224172747
MAR,2025,1.2338156102481543
MAR,2026,1.2846747679355557
MAR,2027,1.3376303927929187
MAR,2028,1.39276890336893
MAR,2029,1.450180280474381
MAR,2030,1.5099582140223058
MAR,2031,1.572200255921015
MAR,2032,1.6370079792695444
MAR,2033,1.7044871441153018
MOZ,2018,1
MOZ,2019,1.022239
MOZ,2020,1.044728258
MOZ,2021,1.0938304861259998
MOZ,2022,1.1375837055710398
MOZ,2023,1.2354619251989583
MOZ,2024,1.3712130286365956
MOZ,2025,1.5254042347738384
MOZ,2026,1.6969340509983095
MOZ,2027,1.8877521825317802
MOZ,2028,2.1000275765325247
MOZ,2029,2.33617307557944
MOZ,2030,2.5988728434099073
MOZ,2031,2.8911128746478987
MOZ,2032,3.216214935313203
MOZ,2033,3.577874319898868
MMR,2018,1
MMR,2019,1.065
MMR,2020,1.1060740648049998
MMR,2021,1.1668006102729909
MMR,2022,1.2345757708983067
MMR,2023,1.307004356042928
MMR,2024,1.386523246057063
MMR,2025,1.4713379891695864
MMR,2026,1.561340918394171
MMR,2027,1.6568493992517819
MMR,2028,1.7582002107677797
MMR,2029,1.8657507330116143
MMR,2030,1.9798802072792747
MMR,2031,2.1009910733621147
MMR,2032,2.229510388617489
MMR,2033,2.3658913338450835
NAM,2018,1
NAM,2019,0.986057298
NAM,2020,0.984900620249555
NAM,2021,1.0199965108423912
NAM,2022,1.046480467287279
NAM,2023,1.0807608075821566
NAM,2024,1.109522575108392
NAM,2025,1.139049765719393
NAM,2026,1.1693627492515457
NAM,2027,1.2004824376338947
NAM,2028,1.232430299314593
NAM,2029,1.2652283740712782
NAM,2030,1.2988992882155892
NAM,2031,1.333466270202313
NAM,2032,1.368953166653931
NAM,2033,1.4053844588116189
NPL,2018,1
NPL,2019,1.070514015
NPL,2020,1.1024586681248412
NPL,2021,1.1794877319838495
NPL,2022,1.2459390293161523
NPL,2023,1.3124793438607487
NPL,2024,1.382352821236396
NPL,2025,1.4556914241084542
NPL,2026,1.5329208937611178
NPL,2027,1.6142476541472794
NPL,2028,1.6998890807251714
NPL,2029,1.7900740814736393
NPL,2030,1.885043708732286
NPL,2031,1.9850518035018536
NPL,2032,2.090365673926971
NPL,2033,2.2012668097747596
NLD,2018,1
NLD,2019,1.0174841
NLD,2020,0.9819751442056337
NLD,2021,1.0194892067681727
NLD,2022,1.0337969283107338
NLD,2023,1.0486924533801145
NLD,2024,1.0648608937002875
NLD,2025,1.0813033362196511
NLD,2026,1.0979996653429853
NLD,2027,1.1149538013155698
NLD,2028,1.1321697249149174
NLD,2029,1.149651478385448
NLD,2030,1.1674031663875941
NLD,2031,1.1854289569615633
NLD,2032,1.20373308250598
NLD,2033,1.222319840771639
NZL,2018,1
NZL,2019,1.021795705
NZL,2020,1.008941642755563
NZL,2021,1.0494995551315065
NZL,2022,1.0897097683359476
NZL,2023,1.129716085823397
NZL,2024,1.1584415495841898
NZL,2025,1.1876812456463393
NZL,2026,1.2176589675727316
NZL,2027,1.2483933435384045
NZL,2028,1.2799034719036861
NZL,2029,1.3122089330819273
NZL,2030,1.3453298017067836
NZL,2031,1.3792866591066046
NZL,2032,1.4141006060936845
NZL,2033,1.4497932760763192
NIC,2018,1
NIC,2019,0.942501124
NIC,2020,0.931191110512
NIC,2021,0.931191110512
NIC,2022,0.938640639396096
NIC,2023,0.9513122880279433
NIC,2024,0.9679602530684324
NIC,2025,0.9877066422310284
NIC,2026,1.0078558577325414
NIC,2027,1.0284161172302853
NIC,2028,1.049395806021783
NIC,2029,1.0708034804646274
NIC,2030,1.0926478714661056
NIC,2031,1.1149378880440142
NIC,2032,1.137682620960112
NIC,2033,1.1608913464276982
NER,2018,1
NER,2019,1.058330802
NER,2020,1.1005301181919687
NER,2021,1.181674457691945
NER,2022,1.3355984118495634
NER,2023,1.419376548189186
NER,2024,1.5188995030460195
NER,2025,1.6379532459559816
NER,2026,1.76633860934014
NER,2027,1.904787020355223
NER,2028,2.0540872365741576
NER,2029,2.215089839634674
NER,2030,2.3887120811071867
NER,2031,2.575943108189456
NER,2032,2.777849598999457
NER,2033,2.995581839571401
NGA,2018,1
NGA,2019,1.022084297
NGA,2020,1.0123610455491514
NGA,2021,1.035889075518498
NGA,2022,1.0574350928161969
NGA,2023,1.0784023758208217
NGA,2024,1.0995820086831245
NGA,2025,1.1217175467559353
NGA,2026,1.1442986923795275
NGA,2027,1.167334416019795
NGA,2028,1.1908338687258777
NGA,2029,1.2148063857654599
NGA,2030,1.2392614903332484
NGA,2031,1.2642088973341072
NGA,2032,1.2896585172423478
NGA,2033,1.315620460038712
NOR,2018,1
NOR,2019,1.011514804
NOR,2020,0.9654768507076685
NOR,2021,1.0034966001535142
NOR,2022,1.028844376364248
NOR,2023,1.0490667508693916
NOR,2024,1.0651888212855534
NOR,2025,1.0816222465807777
NOR,2026,1.0983092020121967
NOR,2027,1.1152535989694816
NOR,2028,1.1324594091860927
NOR,2029,1.1499306656702466
NOR,2030,1.1676714636502448
NOR,2031,1.185685961534388
NOR,2032,1.2039783818856977
NOR,2033,1.222553012411678
OMN,2018,1
OMN,2019,1.004688929
OMN,2020,0.976120176329846
OMN,2021,1.005130290316497
OMN,2022,1.0305458107959908
OMN,2023,1.0553917498686478
OMN,2024,1.08816738181457
OMN,2025,1.1083872303979678
OMN,2026,1.1289827953312288
OMN,2027,1.1499610580106265
OMN,2028,1.1713291295576753
OMN,2029,1.1930942532296283
OMN,2030,1.2152638068747639
OMN,2031,1.2378453054332996
OMN,2032,1.260846403484772
OMN,2033,1.284274897842755
PAK,2018,1
PAK,2019,1.032942522
PAK,2020,1.0515402544257388
PAK,2021,1.0757170197919954
PAK,2022,1.116024918569875
PAK,2023,1.166713151019162
PAK,2024,1.2247493273048111
PAK,2025,1.2863225819683695
PAK,2026,1.3509913808427634
PAK,2027,1.4189113498407957
PAK,2028,1.49024593883871
PAK,2029,1.5651668150194509
PAK,2030,1.6438542759909303
PAK,2031,1.726497683673471
PAK,2032,1.8132959200005794
PAK,2033,1.9044578655296989
PLW,2018,1
PLW,2019,1.005
PLW,2020,0.8849148936599999
PLW,2021,1.0126927106789718
PLW,2022,1.0316315347984844
PLW,2023,1.0506665251915623
PLW,2024,1.069805636822429
PLW,2025,1.089056373102656
PLW,2026,1.108653518893709
PLW,2027,1.1286033076999824
PLW,2028,1.148912085195357
PLW,2029,1.1695863112416462
PLW,2030,1.1906325619433644
PLW,2031,1.2120575317394688
PLW,2032,1.2338680355327407
PLW,2033,1.2560710108574864
PAN,2018,1
PAN,2019,1.030064313
PAN,2020,1.040273237143442
PAN,2021,1.0820030334506217
PAN,2022,1.136103185123153
PAN,2023,1.1929083443793105
PAN,2024,1.2525537615982762
PAN,2025,1.31518144967819
PAN,2026,1.3809405221620996
PAN,2027,1.4499875482702047
PAN,2028,1.522486925683715
PAN,2029,1.5986112719679006
PAN,2030,1.6785418355662958
PAN,2031,1.7624689273446108
PAN,2032,1.8505923737118413
PAN,2033,1.9431219923974334
PNG,2018,1
PNG,2019,1.050255427
PNG,2020,1.0401620574956363
PNG,2021,1.070526958194378
PNG,2022,1.1017451300857632
PNG,2023,1.137991426594278
PNG,2024,1.1760994251560406
PNG,2025,1.212521882423679
PNG,2026,1.2500723016348723
PNG,2027,1.288785614484008
PNG,2028,1.3286978344601914
PNG,2029,1.3698460903491945
PNG,2030,1.4122686607729198
PNG,2031,1.4560050097985149
PNG,2032,1.5010958236502587
PNG,2033,1.5475830485583721
PRY,2018,1
PRY,2019,1.002
PRY,2020,1.01202
PRY,2021,1.0575609
PRY,2022,1.099863336
PRY,2023,1.1438578694400001
PRY,2024,1.1896121842176
PRY,2025,1.231248610665216
PRY,2026,1.2743423120384985
PRY,2027,1.3189442929598458
PRY,2028,1.3651073432134402
PRY,2029,1.4128861002259105
PRY,2030,1.4623371137338173
PRY,2031,1.5135189127145008
PRY,2032,1.5664920746595081
PRY,2033,1.621319297272591
PER,2018,1
PER,2019,1.021620985
PER,2020,1.0011295646448741
PER,2021,1.0462489053533908
PER,2022,1.0873119097596315
PER,2023,1.1275452165422362
PER,2024,1.169299006319992
PER,2025,1.2125304449422563
PER,2026,1.2573602405931754
PER,2027,1.30384748788705
PER,2028,1.3520534662901114
PER,2029,1.4020417208990825
PER,2030,1.4538781462062937
PER,2031,1.5076310729617692
PER,2032,1.5633713582467879
PER,2033,1.6211724788776525
PHL,2018,1
PHL,2019,1.059054615
PHL,2020,1.065921230706477
PHL,2021,1.14709652385436
PHL,2022,1.2212143613603776
PHL,2023,1.3007247109474425
PHL,2024,1.385181503940171
PHL,2025,1.4753280163824831
PHL,2026,1.5713411922782103
PHL,2027,1.6736028294267697
PHL,2028,1.7825195727252174
PHL,2029,1.8985245311976338
PHL,2030,2.0220790002594984
PHL,2031,2.15367429606566
PHL,2032,2.2938337092362224
PHL,2033,2.443114585729351
POL,2018,1
POL,2019,1.040948062
POL,2020,1.0221212171955485
POL,2021,1.0732898799135155
POL,2022,1.111126931895376
POL,2023,1.1423809535725273
POL,2024,1.173193267503238
POL,2025,1.2044476981090995
POL,2026,1.2365347617171734
POL,2027,1.26947664006947
POL,2028,1.3032961058402313
POL,2029,1.3380165383786498
POL,2030,1.373661939870979
POL,2031,1.4102569519332113
POL,2032,1.4478268726457921
POL,2033,1.4863976740421483
PRT,2018,1
PRT,2019,1.021565783
PRT,2020,0.9398405203600001
PRT,2021,0.9868325463780001
PRT,2022,1.0065691973055602
PRT,2023,1.0236808736597545
PRT,2024,1.0400597676383105
PRT,2025,1.0556606641528852
PRT,2026,1.0714955741151784
PRT,2027,1.0875680077269059
PRT,2028,1.1038815278428094
PRT,2029,1.1204397507604515
PRT,2030,1.1372463470218581
PRT,2031,1.1543050422271859
PRT,2032,1.1716196178605935
PRT,2033,1.1891939121285022
PRI,2018,1
PRI,2019,0.96
PRI,2020,0.9792
PRI,2021,0.9792
PRI,2022,0.9772415999999999
PRI,2023,0.9743098752
PRI,2024,0.9713869455744
PRI,2025,0.9684727847376767
PRI,2026,0.9655673663834637
PRI,2027,0.9626706642843134
PRI,2028,0.9597826522914604
PRI,2029,0.956903304334586
PRI,2030,0.9540325944215823
PRI,2031,0.9511704966383175
PRI,2032,0.9483169851484026
PRI,2033,0.9454720341929573
QAT,2018,1
QAT,2019,1.00425302
QAT,2020,0.9961384858796396
QAT,2021,1.0233966391061842
QAT,2022,1.0452535544620087
QAT,2023,1.0578677287104412
QAT,2024,1.084866331621757
QAT,2025,1.1118794815818123
QAT,2026,1.1395652584356097
QAT,2027,1.1679404105793514
QAT,2028,1.1970221034439692
QAT,2029,1.226827929879282
QAT,2030,1.2573759207967175
QAT,2031,1.2886845560770375
QAT,2032,1.3207727757496646
QAT,2033,1.3536599914503757
ROU,2018,1
ROU,2019,1.040782785
ROU,2020,1.037660436645
ROU,2021,1.0750177200848343
ROU,2022,1.1072718314963872
ROU,2023,1.140490031839424
ROU,2024,1.1747058481938577
ROU,2025,1.209947855331414
ROU,2026,1.2462471476344381
ROU,2027,1.2836354444064517
ROU,2028,1.32214541655254
ROU,2029,1.361810715128071
ROU,2030,1.4026660007438994
ROU,2031,1.4447469738537448
ROU,2032,1.4880904059502147
ROU,2033,1.5327341716967284
RUS,2018,1
RUS,2019,1.013362548
RUS,2020,0.957968595237139
RUS,2021,0.9914579204718322
RUS,2022,1.0216874724670184
RUS,2023,1.050754481058705
RUS,2024,1.0790723143232372
RUS,2025,1.1008695750725666
RUS,2026,1.1231071404890325
RUS,2027,1.145793904726911
RUS,2028,1.1689389416023945
RUS,2029,1.192551508222763
RUS,2030,1.2166410486888626
RUS,2031,1.2412171978723776
RUS,2032,1.2662897852693997
RUS,2033,1.2918688389318416
RWA,2018,1
RWA,2019,1.100629344
RWA,2020,1.1391513710399999
RWA,2021,1.2149049372141598
RWA,2022,1.3118821227158097
RWA,2023,1.4251051194660322
RWA,2024,1.526944815777326
RWA,2025,1.6189849845452835
RWA,2026,1.7165730896756441
RWA,2027,1.820043546003727
RWA,2028,1.929750926000912
RWA,2029,2.0460711748232816
RWA,2030,2.1694028986001617
RWA,2031,2.3001687303772633
RWA,2032,2.438816778395244
RWA,2033,2.5858221616666452
WSM,2018,1
WSM,2019,1.034643122
WSM,2020,0.9966888210387636
WSM,2021,1.0016722651439574
WSM,2022,1.0187006936514045
WSM,2023,1.0413770342515276
WSM,2024,1.0645581515993428
WSM,2025,1.0882552820565496
WSM,2026,1.1124799121069557
WSM,2027,1.137243783924211
WSM,2028,1.1625589010634787
WSM,2029,1.1884375342798035
WSM,2030,1.214892227475999
WSM,2031,1.241935803782933
WSM,2032,1.2695813717751607
WSM,2033,1.2978423318249208
SMR,2018,1
SMR,2019,1.011
SMR,2020,0.9481157999999998
SMR,2021,0.9841442004
SMR,2022,0.991863093336364
SMR,2023,0.9989711056268545
SMR,2024,1.004839804136838
SMR,2025,1.0098640031575221
SMR,2026,1.0149133231733096
SMR,2027,1.019987889789176
SMR,2028,1.0250878292381218
SMR,2029,1.0302132683843124
SMR,2030,1.0353643347262338
SMR,2031,1.0405411563998648
SMR,2032,1.045743862181864
SMR,2033,1.0509725814927733
STP,2018,1
STP,2019,1.022
STP,2020,1.0577699999999999
STP,2021,1.1000808
STP,2022,1.1495844359999998
STP,2023,1.2013157356199997
STP,2024,1.2553749437228998
STP,2025,1.31186681619043
STP,2026,1.3709008229189994
STP,2027,1.4325913599503541
STP,2028,1.49705797114812
STP,2029,1.5644255798497855
STP,2030,1.6348247309430257
STP,2031,1.7083918438354617
STP,2032,1.7852694768080573
STP,2033,1.8656066032644198
SAU,2018,1
SAU,2019,1.003314357
SAU,2020,1.0158239713642394
SAU,2021,1.0315708326849005
SAU,2022,1.0537524248707115
SAU,2023,1.0786173582430711
SAU,2024,1.1046532505459876
SAU,2025,1.1319981872850835
SAU,2026,1.1600200292565637
SAU,2027,1.18873553278713
SAU,2028,1.2181618689949065
SAU,2029,1.2483166340573189
SAU,2030,1.2792178597331467
SAU,2031,1.3108840241450423
SAU,2032,1.3433340628289645
SAU,2033,1.3765873800571304
SEN,2018,1
SEN,2019,1.060189766
SEN,2020,1.1027940928743072
SEN,2021,1.190764051550095
SEN,2022,1.2946852620625078
SEN,2023,1.4414524470404755
SEN,2024,1.5557105172473669
SEN,2025,1.6504214703562328
SEN,2026,1.7508983834810155
SEN,2027,1.8574922856612703
SEN,2028,1.9705755764258153
SEN,2029,2.0905433268184583
SEN,2030,2.2178146596295822
SEN,2031,2.352834213655605
SEN,2032,2.496073697101893
SEN,2033,2.6480335355561455
SRB,2018,1
SRB,2019,1.041871015
SRB,2020,1.041972076488455
SRB,2021,1.1148094225352587
SRB,2022,1.1682721618718934
SRB,2023,1.215529444912649
SRB,2024,1.2643841465795231
SRB,2025,1.3144686469073983
SRB,2026,1.3665370831932486
SRB,2027,1.4206680426618559
SRB,2028,1.4769432255174677
SRB,2029,1.53544756825444
SRB,2030,1.5962693718524321
SRB,2031,1.6595004350496418
SRB,2032,1.7252361928952304
SRB,2033,1.793575860790053
SYC,2018,1
SYC,2019,1.039066644
SYC,2020,1.0626312613162177
SYC,2021,1.111216697635122
SYC,2022,1.1558475806321717
SYC,2023,1.200182370801796
SYC,2024,1.2431325051853153
SYC,2025,1.287561747651247
SYC,2026,1.333578880046742
SYC,2027,1.3812406531577346
SYC,2028,1.4306058460289475
SYC,2029,1.4817353384533487
SYC,2030,1.534692186052366
SYC,2031,1.5895416980394463
SYC,2032,1.6463515177628683
SYC,2033,1.7051917061271304
SLE,2018,1
SLE,2019,1.051243729
SLE,2020,1.0334024114940794
SLE,2021,1.0822842480515886
SLE,2022,1.1310620415123
SLE,2023,1.1812199400974022
SLE,2024,1.2343484867473615
SLE,2025,1.2912198367074867
SLE,2026,1.3507114762219903
SLE,2027,1.412944132464636
SLE,2028,1.4780440949908171
SLE,2029,1.5461434720186302
SLE,2030,1.6173804585178342
SLE,2031,1.6918996166507367
SLE,2032,1.7698521691341096
SLE,2033,1.8513963061174556
SGP,2018,1
SGP,2019,1.007333099
SGP,2020,0.9723807891062002
SGP,2021,1.0011809383464896
SGP,2022,1.0231615454699865
SGP,2023,1.0476015873732187
SGP,2024,1.0740997926832958
SGP,2025,1.1011659946915298
SGP,2026,1.1289142369497858
SGP,2027,1.157361706165771
SGP,2028,1.186526022134421
SGP,2029,1.2164252486512497
SGP,2030,1.2470779047007037
SGP,2031,1.2785029759264521
SGP,2032,1.3107199263907159
SGP,2033,1.3437487106299184
SVK,2018,1
SVK,2019,1.022761527
SVK,2020,0.9951469657709999
SVK,2021,1.050875195854176
SVK,2022,1.0797637549882073
SVK,2023,1.1132364313928416
SVK,2024,1.1410673421776625
SVK,2025,1.1718761604164594
SVK,2026,1.2035168167477035
SVK,2027,1.2360117707998914
SVK,2028,1.2693840886114884
SVK,2029,1.3036574590039984
SVK,2030,1.3388562103971064
SVK,2031,1.375005328077828
SVK,2032,1.4121304719359293
SVK,2033,1.4502579946781993
SVN,2018,1
SVN,2019,1.024427777
SVN,2020,0.9420699364424288
SVN,2021,0.9933979000142729
SVN,2022,1.0276533868233542
SVN,2023,1.0568892912239285
SVN,2024,1.0848430628333288
SVN,2025,1.110316274724992
SVN,2026,1.1363876233852885
SVN,2027,1.1630711536702625
SVN,2028,1.1903812402233769
SVN,2029,1.2183325952192556
SVN,2030,1.2469402762892576
SVN,2031,1.276219694633149
SVN,2032,1.3061866233212467
SVN,2033,1.3368572057915058
SLB,2018,1
SLB,2019,1.012396758
SLB,2020,0.991442069675637
SLB,2021,1.028787314962235
SLB,2022,1.0578289757384123
SLB,2023,1.0882954435410865
SLB,2024,1.120689516206373
SLB,2025,1.1530886176199033
SLB,2026,1.1864243761157247
SLB,2027,1.2207238704229235
SLB,2028,1.256014962115858
SLB,2029,1.2923263182461937
SLB,2030,1.3296874346292278
SLB,2031,1.3681286598034232
SLB,2032,1.4076812196826092
SLB,2033,1.448377242920878
ZAF,2018,1
ZAF,2019,1.001525899
ZAF,2020,0.9784876955881354
ZAF,2021,1.0029848092252067
ZAF,2022,1.0139653404808222
ZAF,2023,1.0275385117125961
ZAF,2024,1.0425060908186854
ZAF,2025,1.0576849795010053
ZAF,2026,1.0730848728025397
ZAF,2027,1.0887089885505448
ZAF,2028,1.1045605914238406
ZAF,2029,1.1206429936349716
ZAF,2030,1.1369595556222967
ZAF,2031,1.1535136867521572
ZAF,2032,1.1703088460312685
ZAF,2033,1.1873485428294837
SSD,2018,1
SSD,2019,1.112832408
SSD,2020,1.165362017053341
SSD,2021,1.223809827217296
SSD,2022,1.2961918195813367
SSD,2023,1.3645971231432397
SSD,2024,1.428733388526749
SSD,2025,1.4990614637123936
SSD,2026,1.5728513731345977
SSD,2027,1.6502735223710738
SSD,2028,1.7315067050559612
SSD,2029,1.8167385157741183
SSD,2030,1.9061657832797565
SSD,2031,1.9999950250398553
SSD,2032,2.098442924152059
SSD,2033,2.20173682973841
ESP,2018,1
ESP,2019,1.019768413
ESP,2020,0.93818693996
ESP,2021,0.9767330249446665
ESP,2022,1.000329265636644
ESP,2023,1.0195317262659023
ESP,2024,1.0378827182446682
ESP,2025,1.0554402843926385
ESP,2026,1.0732948668832278
ESP,2027,1.0914514902572543
ESP,2028,1.1099152640542616
ESP,2029,1.1286913842504174
ESP,2030,1.147785134720737
ESP,2031,1.1672018887260445
ESP,2032,1.1869471104250846
ESP,2033,1.2070263564122194
LKA,2018,1
LKA,2019,1.026317289
LKA,2020,1.0551136481788976
LKA,2021,1.1017040398733484
LKA,2022,1.1477357685785485
LKA,2023,1.197294608835609
LKA,2024,1.2508329219668086
LKA,2025,1.307568760763695
LKA,2026,1.3668780490976506
LKA,2027,1.4288775146431099
LKA,2028,1.493689179660541
LKA,2029,1.5614406011506468
LKA,2030,1.6322651219015865
LKA,2031,1.706302132923308
LKA,2032,1.7836973477854967
LKA,2033,1.8646030893990655
KNA,2018,1
KNA,2019,1.029093762
KNA,2020,0.9457371672780001
KNA,2021,1.0265976950802689
KNA,2022,1.0543158328474362
KNA,2023,1.0825061127170574
KNA,2024,1.1116815100352715
KNA,2025,1.1417788839774108
KNA,2026,1.1726911063361474
KNA,2027,1.2044402381040222
KNA,2028,1.237048937547108
KNA,2029,1.2705404763754367
KNA,2030,1.3049387563512205
KNA,2031,1.340268326346719
KNA,2032,1.3765543998639285
KNA,2033,1.4138228730285916
LCA,2018,1
LCA,2019,1.017344411
LCA,2020,0.9382028931219744
LCA,2021,1.0420776176260804
LCA,2022,1.0650897624260034
LCA,2023,1.0806978870948174
LCA,2024,1.0965478875403012
LCA,2025,1.112643861775491
LCA,2026,1.1289761051144052
LCA,2027,1.1455480856968754
LCA,2028,1.16236332257076
LCA,2029,1.179425386439212
LCA,2030,1.1967379004189143
LCA,2031,1.2143045408094462
LCA,2032,1.2321290378739438
LCA,2033,1.2502151766312166
VCT,2018,1
VCT,2019,1.003996829
VCT,2020,0.958341717748031
VCT,2021,1.009652285907928
VCT,2022,1.0510663719832312
VCT,2023,1.0846860195495533
VCT,2024,1.1112749583179802
VCT,2025,1.1388651028960963
VCT,2026,1.167140240933431
VCT,2027,1.1961173790838584
VCT,2028,1.2258139462334243
VCT,2029,1.2562478039833023
VCT,2030,1.287437257393016
VCT,2031,1.3194010659903863
VCT,2032,1.3521584550548298
VCT,2033,1.3857291271807914
SDN,2018,1
SDN,2019,0.974826418
SDN,2020,0.9572608209346424
SDN,2021,0.9491107080487697
SDN,2022,0.9569080350070056
SDN,2023,0.9700632574008493
SDN,2024,0.9856461323933139
SDN,2025,1.001703334933271
SDN,2026,1.0180221260342088
SDN,2027,1.0346067672463615
SDN,2028,1.051461589545056
SDN,2029,1.0685909944617213
SDN,2030,1.085999455233319
SDN,2031,1.103691517970502
SDN,2032,1.1216718028448034
SDN,2033,1.1399450052951636
SUR,2018,1
SUR,2019,1.023
SUR,2020,1.013793
SUR,2021,1.038124032
SUR,2022,1.0583882131046398
SUR,2023,1.0837895302191514
SUR,2024,1.11088426847463
SUR,2025,1.1386563751864955
SUR,2026,1.1671227845661578
SUR,2027,1.1963008541803117
SUR,2028,1.2262083755348194
SUR,2029,1.2568635849231897
SUR,2030,1.2882851745462693
SUR,2031,1.3204923039099261
SUR,2032,1.353504611507674
SUR,2033,1.387342226795366
SWZ,2018,1
SWZ,2019,1.010638347
SWZ,2020,1.019025995439643
SWZ,2021,1.034617905333588
SWZ,2022,1.0443749139784062
SWZ,2023,1.0538595467946892
SWZ,2024,1.0636218250583662
SWZ,2025,1.0721593908771125
SWZ,2026,1.0807654867207155
SWZ,2027,1.0894406626715298
SWZ,2028,1.0981854732273553
SWZ,2029,1.1070004773368798
SWZ,2030,1.115886238435406
SWZ,2031,1.1248433244808647
SWZ,2032,1.1338723079901167
SWZ,2033,1.1429737660755488
SWE,2018,1
SWE,2019,1.012319125
SWE,2020,0.979463676110991
SWE,2021,1.0242266411815595
SWE,2022,1.0411953777887384
SWE,2023,1.0600832616703637
SWE,2024,1.0808889603635388
SWE,2025,1.1029362783583243
SWE,2026,1.1254333041848925
SWE,2027,1.1483892107110736
SWE,2028,1.1718133579072965
SWE,2029,1.1957152966629945
SWE,2030,1.2201047726808565
SWE,2031,1.2449917304505083
SWE,2032,1.270386317303249
SWE,2033,1.2962988875494923
CHE,2018,1
CHE,2019,1.009166909
CHE,2020,0.9489600112090599
CHE,2021,0.9848002104965622
CHE,2022,1.0025266142855003
CHE,2023,1.0145569336569265
CHE,2024,1.0328189584627512
CHE,2025,1.0452127859643041
CHE,2026,1.0577553393958758
CHE,2027,1.0704484034686264
CHE,2028,1.08329378431025
CHE,2029,1.096293309721973
CHE,2030,1.1094488294386364
CHE,2031,1.1227622153919001
CHE,2032,1.136235361976603
CHE,2033,1.1498701863203222
SYR,2018,1
SYR,2019,1.1
SYR,2020,1.2100000000000002
SYR,2021,1.3310000000000004
SYR,2022,1.4641000000000004
SYR,2023,1.6105100000000006
SYR,2024,1.7715610000000008
SYR,2025,1.9487171000000012
SYR,2026,2.1435888100000016
SYR,2027,2.357947691000002
SYR,2028,2.5937424601000023
SYR,2029,2.8531167061100025
SYR,2030,3.138428376721003
SYR,2031,3.452271214393104
SYR,2032,3.7974983358324144
SYR,2033,4.177248169415656
TWN,2018,1
TWN,2019,1.027140438
TWN,2020,0.9857362148689581
TWN,2021,1.0207048867271644
TWN,2022,1.0424586820810449
TWN,2023,1.0642583007467141
TWN,2024,1.0860565020538482
TWN,2025,1.1082908100829931
TWN,2026,1.1309803103167795
TWN,2027,1.1541343216844444
TWN,2028,1.177762353897144
TWN,2029,1.2018741113537386
TWN,2030,1.2264794971265398
TWN,2031,1.2515886170286554
TWN,2032,1.2772117837646038
TWN,2033,1.3033595211659015
TJK,2018,1
TJK,2019,1.075
TJK,2020,1.08575
TJK,2021,1.14546625
TJK,2022,1.1970122312499998
TJK,2023,1.2448927204999998
TJK,2024,1.2946884293199998
TJK,2025,1.3464759664927999
TJK,2026,1.4003350051525119
TJK,2027,1.4563484053586124
TJK,2028,1.514602341572957
TJK,2029,1.5751864352358753
TJK,2030,1.6381938926453103
TJK,2031,1.7037216483511228
TJK,2032,1.7718705142851678
TJK,2033,1.8427453348565748
TZA,2018,1
TZA,2019,1.062691669
TZA,2020,1.0840797192751028
TZA,2021,1.1334948156013518
TZA,2022,1.2025495810899431
TZA,2023,1.2800447658220224
TZA,2024,1.3663691927663875
TZA,2025,1.4580560921998984
TZA,2026,1.5558954192292853
TZA,2027,1.6603000176256473
TZA,2028,1.7717104340426735
TZA,2029,1.890596776951567
TZA,2030,2.017460700315298
TZA,2031,2.152837520372522
TZA,2032,2.297298474463158
TZA,2033,2.451453131426998
THA,2018,1
THA,2019,1.023718763
THA,2020,1.008393532394044
THA,2021,1.0555015216293535
THA,2022,1.1169996127120714
THA,2023,1.1732251554254594
THA,2024,1.2178288493292522
THA,2025,1.262266112439606
THA,2026,1.3083248434219241
THA,2027,1.3560642078925338
THA,2028,1.4055455303573805
THA,2029,1.4568323729875854
THA,2030,1.5099906172694366
THA,2031,1.5650885486337036
THA,2032,1.6221969441729807
THA,2033,1.681389163559744
TLS,2018,1
TLS,2019,1.031
TLS,2020,1.0000699999999998
TLS,2021,1.0380726599999999
TLS,2022,1.0816717117199999
TLS,2023,1.12061189334192
TLS,2024,1.160953921502229
TLS,2025,1.2027482626763095
TLS,2026,1.2460472001326566
TLS,2027,1.2909048993374324
TLS,2028,1.33737747571358
TLS,2029,1.385523064839269
TLS,2030,1.4354018951734826
TLS,2031,1.487076363399728
TLS,2032,1.5406111124821182
TLS,2033,1.5960731125314744
TGO,2018,1
TGO,2019,1.053
TGO,2020,1.0635299999999999
TGO,2021,1.1060712
TGO,2022,1.166905116
TGO,2023,1.23108489738
TGO,2024,1.2987945667358998
TGO,2025,1.3702282679063742
TGO,2026,1.4455908226412246
TGO,2027,1.5250983178864919
TGO,2028,1.6089787253702488
TGO,2029,1.6974725552656125
TGO,2030,1.7908335458052211
TGO,2031,1.8893293908245081
TGO,2032,1.9932425073198559
TGO,2033,2.102870845222448
TON,2018,1
TON,2019,1.0046893670000001
TON,2020,1.0159418818822639
TON,2021,1.0463527966310915
TON,2022,1.0826277428284645
TON,2023,1.1083438055892727
TON,2024,1.1281380678499342
TON,2025,1.148398794663063
TON,2026,1.1690233927634877
TON,2027,1.1900183970753964
TON,2028,1.2113904598865497
TON,2029,1.2331463529560642
TON,2030,1.255292969660051
TON,2031,1.2778373271757895
TON,2032,1.300786568705126
TON,2033,1.324147965737805
TTO,2018,1
TTO,2019,0.9999673
TTO,2020,0.9646058843561044
TTO,2021,0.9851734280586693
TTO,2022,1.0211281726686043
TTO,2023,1.038162413302505
TTO,2024,1.0531172279954455
TTO,2025,1.0682452875159996
TTO,2026,1.08359066205028
TTO,2027,1.0991564733347614
TTO,2028,1.114945887949753
TTO,2029,1.1309621179635818
TTO,2030,1.1472084215860299
TTO,2031,1.1636881038311575
TTO,2032,1.180404517189647
TTO,2033,1.197361062310807
TUN,2018,1
TUN,2019,1.01043251
TUN,2020,0.9672280153870633
TUN,2021,1.0067557372003064
TUN,2022,1.0334920758199662
TUN,2023,1.061115017419781
TUN,2024,1.093165484002392
TUN,2025,1.129375521544128
TUN,2026,1.1667849811660171
TUN,2027,1.2054335925514297
TUN,2028,1.2453624013906424
TUN,2029,1.2866138129722788
TUN,2030,1.3292316372186763
TUN,2031,1.3732611352130037
TUN,2032,1.4187490672675442
TUN,2033,1.465743742584194
TUR,2018,1
TUR,2019,1.009372674
TUR,2020,0.9589235817549686
TUR,2021,1.0069021513634615
TUR,2022,1.0471782887700096
TUR,2023,1.0838295550564172
TUR,2024,1.1217635981540282
TUR,2025,1.161025372325254
TUR,2026,1.2016613102807288
TUR,2027,1.2437195078119905
TUR,2028,1.2872497440653488
TUR,2029,1.332303540459375
TUR,2030,1.3789342216645053
TUR,2031,1.4271969787169343
TUR,2032,1.477148934341497
TUR,2033,1.5288492105608535
TKM,2018,1
TKM,2019,1.063468654
TKM,2020,1.0830882075393364
TKM,2021,1.152144076900621
TKM,2022,1.2204770565758711
TKM,2023,1.2915663350294009
TKM,2024,1.3653831573223205
TKM,2025,1.4422587266516873
TKM,2026,1.5234626437624226
TKM,2027,1.6092386088921955
TKM,2028,1.6998440434048037
TKM,2029,1.795550862334773
TKM,2030,1.8966462904287609
TKM,2031,2.0034337241327806
TKM,2032,2.1162336421121433
TKM,2033,2.235384567036674
TUV,2018,1
TUV,2019,1.06
TUV,2020,1.07620047184
TUV,2021,1.1143938676909813
TUV,2022,1.158037736157823
TUV,2023,1.2014174533920308
TUV,2024,1.2459687289686692
TUV,2025,1.2846099509303308
TUV,2026,1.3244495529154834
TUV,2027,1.3655247002778035
TUV,2028,1.4078737109798956
TUV,2029,1.4515360913391464
TUV,2030,1.496552572882167
TUV,2031,1.5429651503421986
TUV,2032,1.5908171208349355
TUV,2033,1.6401531242493037
UGA,2018,1
UGA,2019,1.057724811
UGA,2020,1.1118280073117726
UGA,2021,1.171544121698459
UGA,2022,1.2377614285893614
UGA,2023,1.3121497814133423
UGA,2024,1.4144425955083233
UGA,2025,1.5553156607058118
UGA,2026,1.7102191436531302
UGA,2027,1.880550420221662
UGA,2028,2.0678460395676304
UGA,2029,2.273795585258235
UGA,2030,2.5002569169128637
UGA,2031,2.7492729298533933
UGA,2032,3.02308998395147
UGA,2033,3.3241781679183986
UKR,2018,1
UKR,2019,1.031727569
UKR,2020,0.9519688581854374
UKR,2021,0.9859044450805405
UKR,2022,1.0253918839994796
UKR,2023,1.0695885044272049
UKR,2024,1.1175079037698288
UKR,2025,1.1694378154956993
UKR,2026,1.2237808785941549
UKR,2027,1.28064923073987
UKR,2028,1.3401602205769705
UKR,2029,1.402436649869608
UKR,2030,1.467607026905129
UKR,2031,1.5358058316727308
UKR,2032,1.6071737933648111
UKR,2033,1.681858180773634
ARE,2018,1
ARE,2019,1.012917445
ARE,2020,0.9898506751144884
ARE,2021,1.0221891402239085
ARE,2022,1.040640841988731
ARE,2023,1.0631219580317763
ARE,2024,1.086817313520977
ARE,2025,1.109984008102731
ARE,2026,1.1336445260080255
ARE,2027,1.1578093936187752
ARE,2028,1.182489361698189
ARE,2029,1.2076954101737007
ARE,2030,1.233438753021855
ARE,2031,1.2597308432573175
ARE,2032,1.2865833780282356
ARE,2033,1.314008303820206
GBR,2018,1
GBR,2019,1.014086428
GBR,2020,0.9481467002751742
GBR,2021,0.9864025043749429
GBR,2022,1.0134631195206736
GBR,2023,1.0313382637953596
GBR,2024,1.047840752733233
GBR,2025,1.064151002845003
GBR,2026,1.080715131476018
GBR,2027,1.0975370903929336
GBR,2028,1.114620892873949
GBR,2029,1.1319706146662707
GBR,2030,1.1495903949584783
GBR,2031,1.1674844373680264
GBR,2032,1.1856570109441178
GBR,2033,1.2041124511861863
USA,2018,1
USA,2019,1.023335202
USA,2020,0.9628857334892611
USA,2021,1.008517654856361
USA,2022,1.038792130514716
USA,2023,1.0613002878128677
USA,2024,1.0833505566828563
USA,2025,1.1049923289985943
USA,2026,1.1270664325722775
USA,2027,1.1495815039570434
USA,2028,1.1725463522358865
USA,2029,1.1959699624682363
USA,2030,1.2198614992053853
USA,2031,1.244230310076146
USA,2032,1.269085929444135
USA,2033,1.2944380821381194
URY,2018,1
URY,2019,1.002221217
URY,2020,0.985183456311
URY,2021,1.032472262213928
URY,2022,1.058284068769276
URY,2023,1.0815663182822002
URY,2024,1.1053607772844087
URY,2025,1.1296787143846656
URY,2026,1.1545316461011284
URY,2027,1.1799313423153532
URY,2028,1.205889831846291
URY,2029,1.2324194081469093
URY,2030,1.2595326351261413
URY,2031,1.2872423530989165
URY,2032,1.3155616848670928
URY,2033,1.3445040419341687
UZB,2018,1
UZB,2019,1.056000016
UZB,2020,1.075008016288
UZB,2021,1.1502585774281602
UZB,2022,1.2192740920738498
UZB,2023,1.2924305375982807
UZB,2024,1.3699763698541778
UZB,2025,1.4521749520454286
UZB,2026,1.5393054491681544
UZB,2027,1.6316637761182435
UZB,2028,1.7295636026853383
UZB,2029,1.8333374188464588
UZB,2030,1.9433376639772464
UZB,2031,2.0599379238158813
UZB,2032,2.1835341992448343
UZB,2033,2.3145462511995243
VUT,2018,1
VUT,2019,1.0291
VUT,2020,0.9902810400138999
VUT,2021,1.0529546822531124
VUT,2022,1.0952541914983849
VUT,2023,1.1335880882008282
VUT,2024,1.1698629070232547
VUT,2025,1.203788931326929
VUT,2026,1.23869881033541
VUT,2027,1.2746210758351366
VUT,2028,1.3115850870343555
VUT,2029,1.3496210545583518
VUT,2030,1.3887600651405438
VUT,2031,1.4290341070296195
VUT,2032,1.4704760961334784
VUT,2033,1.5131199029213491
VEN,2018,1
VEN,2019,0.65
VEN,2020,0.5525
VEN,2021,0.524875
VEN,2022,0.5143774999999999
VEN,2023,0.50408995
VEN,2024,0.49400815099999995
VEN,2025,0.48412798797999995
VEN,2026,0.4744454282203999
VEN,2027,0.46495651965599194
VEN,2028,0.4556573892628721
VEN,2029,0.4465442414776146
VEN,2030,0.43761335664806233
VEN,2031,0.4288610895151011
VEN,2032,0.42028386772479903
VEN,2033,0.41187819037030304
VNM,2018,1
VNM,2019,1.070174368
VNM,2020,1.108700645248
VNM,2021,1.182983588479616
VNM,2022,1.259877521730791
VNM,2023,1.3417695606432922
VNM,2024,1.4289845820851061
VNM,2025,1.521868579920638
VNM,2026,1.6207900376154794
VNM,2027,1.7261413900604856
VNM,2028,1.838340580414417
VNM,2029,1.957832718141354
VNM,2030,2.0850918448205418
VNM,2031,2.220622814733877
VNM,2032,2.364963297691579
VNM,2033,2.5186859120415312
PSE,2018,1
PSE,2019,1.011715745
PSE,2020,0.9606696017931314
PSE,2021,1.0228879641684168
PSE,2022,1.0544785629427076
PSE,2023,1.0837041111809451
PSE,2024,1.1051596872283307
PSE,2025,1.1270475991813043
PSE,2026,1.1493690056737527
PSE,2027,1.1721324921530296
PSE,2028,1.1953468141030161
PSE,2029,1.2190209004117296
PSE,2030,1.2431638568056267
PSE,2031,1.2677849693519252
PSE,2032,1.2928937080302887
PSE,2033,1.3184997303752513
YEM,2018,1
YEM,2019,1.021
YEM,2020,1.021
YEM,2021,1.161729605449
YEM,2022,1.2567397699348488
YEM,2023,1.339309672831724
YEM,2024,1.4009832144857726
YEM,2025,1.4657922496732558
YEM,2026,1.5335993300896205
YEM,2027,1.6045431443477807
YEM,2028,1.6787687967515026
YEM,2029,1.7564281040832121
YEM,2030,1.837679906121108
YEM,2031,1.9226903905207002
YEM,2032,2.011633432725263
YEM,2033,2.1046909516004346
ZMB,2018,1
ZMB,2019,1.015199502
ZMB,2020,1.0307666503492292
ZMB,2021,1.0458625351120554
ZMB,2022,1.061960249401031
ZMB,2023,1.0778367080518523
ZMB,2024,1.0941790158829634
ZMB,2025,1.1102760217216934
ZMB,2026,1.1266098385330439
ZMB,2027,1.143183950159744
ZMB,2028,1.1600018916970476
ZMB,2029,1.1770672502467334
ZMB,2030,1.1943836656822002
ZMB,2031,1.2119548314248147
ZMB,2032,1.229784495231682
ZMB,2033,1.2478764599950072
ZWE,2018,1
ZWE,2019,0.917235176
ZWE,2020,0.8495188582449255
ZWE,2021,0.8708933040561069
ZWE,2022,0.892608925827336
ZWE,2023,0.9118892786252064
ZWE,2024,0.931586087043511
ZWE,2025,0.9517083465236509
ZWE,2026,0.9722652468085617
ZWE,2027,0.9932661761396268
ZWE,2028,1.0147207255442428
ZWE,2029,1.0366386932159986
ZWE,2030,1.0590300889894642
ZWE,2031,1.0819051389116365
ZWE,2032,1.105274289912128
ZWE,2033,1.12914821457423
