CountryCode,2017,2018,2019,2020,2021,2022,2023,2024,2025,2026,2027,2028,2029,2030,2031,2032,2033
AFG,0.028887136,0.026643578,0.030369031,0.010401782,0.049682587,0.044890171,0.040059615,0.040016026,0.04,0.04,0.04,0.04,0.04,0.04,0.04,0.04,0.04
ALB,0.038210815,0.040622773,0.027327209,-0.015050121,0.068481487,0.052312458,0.031731275,0.037075073,0.037206269,0.037206269,0.037206269,0.037206269,0.037206269,0.037206269,0.037206269,0.037206269,0.037206269
DZA,0.013,0.014,0.007002452,-0.030549589,0.044698427,0.020000694,0.012090262,0.010483752,0.010809153,0.010809153,0.010809153,0.010809153,0.010809153,0.010809153,0.010809153,0.010809153,0.010809153
AGO,-0.0015,-0.012,-0.01182834,-0.012203434,0.023639659,0.03298823,0.04019908,0.038044438,0.036958049,0.036958049,0.036958049,0.036958049,0.036958049,0.036958049,0.036958049,0.036958049,0.036958049
AIA,-0.066415161,0.109027974,0.108958154,-0.0978,0.0775,0.0475,0.0325,0.025,0.0175,0.0175,0.0175,0.0175,0.0175,0.0175,0.0175,0.0175,0.0175
ATG,0.031452187,0.073891972,0.052644722,-0.099975756,0.079589378,0.031869364,0.031378944,0.0276586,0.02677847,0.02677847,0.02677847,0.02677847,0.02677847,0.02677847,0.02677847,0.02677847,0.02677847
ARG,0.026685904,-0.024341283,-0.021139643,-0.010158486,-0.012812592,0.014331414,0.022831189,0.03100092,0.031999079,0.031999079,0.031999079,0.031999079,0.031999079,0.031999079,0.031999079,0.031999079,0.031999079
ARM,0.075179627,0.052376227,0.075965636,0.019399447,0.056425558,0.050425558,0.045425558,0.045425558,0.045425558,0.045425558,0.045425558,0.045425558,0.045425558,0.045425558,0.045425558,0.045425558,0.045425558
AUS,0.024611368,0.02730304,0.01846604,-0.066653154,0.061114711,0.057930367,0.041001765,0.032728973,0.027941789,0.027941789,0.027941789,0.027941789,0.027941789,0.027941789,0.027941789,0.027941789,0.027941789
AUT,0.024764468,0.024197664,0.0158468,-0.06997245,0.045097041,0.0155,0.0156,0.0156,0.016,0.016,0.016,0.016,0.016,0.016,0.016,0.016,0.016
AZE,0.001536146,0.015004017,0.0225,-0.021838325,0.007068187,0.016613457,0.018655838,0.020748079,0.020936376,0.020936376,0.020936376,0.020936376,0.020936376,0.020936376,0.020936376,0.020936376,0.020936376
BHS,0.000667393,0.015657211,0.018008173,-0.083254884,0.066892526,0.024975668,0.017705911,0.015160895,0.015157994,0.015157994,0.015157994,0.015157994,0.015157994,0.015157994,0.015157994,0.015157994,0.015157994
BHR,0.038137907,0.016616002,0.016659515,-0.020955446,0.030779784,0.024549823,0.027049381,0.029663998,0.030643028,0.030643028,0.030643028,0.030643028,0.030643028,0.030643028,0.030643028,0.030643028,0.030643028
BGD,0.075841345,0.080136677,0.078789792,0.020187251,0.095310532,0.072755699,0.073,0.073,0.072482393,0.072482393,0.072482393,0.072482393,0.072482393,0.072482393,0.072482393,0.072482393,0.072482393
BRB,0.004775218,-0.005830101,-0.00098264,-0.076,0.071,0.039183673,0.0184,0.0184,0.0184,0.0184,0.0184,0.0184,0.0184,0.0184,0.0184,0.0184,0.0184
BLR,0.025321835,0.031491976,0.012,-0.058519499,0.039150353,0.01420283,0.000324951,-0.005459638,0.006058715,0.006058715,0.006058715,0.006058715,0.006058715,0.006058715,0.006058715,0.006058715,0.006058715
BEL,0.019645529,0.014581261,0.013651862,-0.035212924,0.031711811,0.013448776,0.013499416,0.013475223,0.013146059,0.013146059,0.013146059,0.013146059,0.013146059,0.013146059,0.013146059,0.013146059,0.013146059
BLZ,0.01869596,0.02080136,0.002972669,-0.099918641,0.08159998,0.020268905,0.020068816,0.015060957,0.015083087,0.015083087,0.015083087,0.015083087,0.015083087,0.015083087,0.015083087,0.015083087,0.015083087
BEN,0.05671562,0.066972536,0.064462136,0.063980933,0.066606824,0.06658005,0.066590022,0.066632802,0.066556185,0.066556185,0.066556185,0.066556185,0.066556185,0.066556185,0.066556185,0.066556185,0.066556185
BTN,0.063215931,0.037337281,0.053348767,0.029225121,0.030229109,0.059519354,0.066423796,0.082838937,0.061433353,0.061433353,0.061433353,0.061433353,0.061433353,0.061433353,0.061433353,0.061433353,0.061433353
BOL,0.041952063,0.042236235,0.028,-0.032,0.029,0.049,0.045,0.037,0.037,0.037,0.037,0.037,0.037,0.037,0.037,0.037,0.037
BIH,0.031143401,0.036235495,0.027,-0.05,0.035,0.028,0.029,0.029,0.03,0.03,0.03,0.03,0.03,0.03,0.03,0.03,0.03
BWA,0.029075228,0.044535324,0.033599987,-0.021610156,0.061025271,0.054163205,0.039141282,0.039248663,0.039144956,0.039144956,0.039144956,0.039144956,0.039144956,0.039144956,0.039144956,0.039144956,0.039144956
BRA,0.013137856,0.013124911,0.011326758,-0.014331109,0.018152682,0.024987183,0.024976575,0.024341335,0.022436287,0.022436287,0.022436287,0.022436287,0.022436287,0.022436287,0.022436287,0.022436287,0.022436287
BRN,0.013274099,0.000534153,0.038690169,0.012968732,0.035409218,0.036603969,0.022735102,0.019282564,0.018288985,0.018288985,0.018288985,0.018288985,0.018288985,0.018288985,0.018288985,0.018288985,0.018288985
BGR,0.035066048,0.030841898,0.033716155,-0.007,0.0604,0.0314,0.0304,0.0294,0.0284,0.0284,0.0284,0.0284,0.0284,0.0284,0.0284,0.0284,0.0284
BFA,0.061559964,0.068207327,0.05688599,0.019959296,0.058040713,0.05582078,0.055892722,0.055874379,0.056384362,0.056384362,0.056384362,0.056384362,0.056384362,0.056384362,0.056384362,0.056384362,0.056384362
BDI,1.49E-05,0.001488441,0.00418937,0.005,0.005,0.005,0.005,0.005,0.005,0.005,0.005,0.005,0.005,0.005,0.005,0.005,0.005
CPV,0.037020392,0.050775508,0.054580315,-0.039837152,0.049853061,0.049849533,0.050048163,0.050058523,0.050279628,0.050279628,0.050279628,0.050279628,0.050279628,0.050279628,0.050279628,0.050279628,0.050279628
KHM,0.069969037,0.075326231,0.07045064,-0.015872332,0.060565615,0.066311711,0.065486464,0.064970973,0.064970973,0.064970973,0.064970973,0.064970973,0.064970973,0.064970973,0.064970973,0.064970973,0.064970973
CMR,0.035490873,0.040624868,0.038903108,0.018774184,0.031075866,0.038652038,0.041280065,0.046174895,0.048384456,0.048384456,0.048384456,0.048384456,0.048384456,0.048384456,0.048384456,0.048384456,0.048384456
CAN,0.031707299,0.020136392,0.016362776,-0.011696974,0.013064205,0.01681312,0.017,0.017,0.017,0.017,0.017,0.017,0.017,0.017,0.017,0.017,0.017
CAF,0.045275778,0.03819789,0.029702827,0.010436587,0.039893254,0.050144598,0.050095853,0.050058327,0.049545681,0.049545681,0.049545681,0.049545681,0.049545681,0.049545681,0.049545681,0.049545681,0.049545681
TCD,-0.023796955,0.023026025,0.02961439,0.033865791,0.058159111,0.053499914,0.04096034,0.037095215,0.037501473,0.037501473,0.037501473,0.037501473,0.037501473,0.037501473,0.037501473,0.037501473,0.037501473
CHL,0.011741285,0.039389582,0.0112375,-0.060087762,0.045063132,0.032276532,0.025340037,0.025362777,0.02518693,0.02518693,0.02518693,0.02518693,0.02518693,0.02518693,0.02518693,0.02518693,0.02518693
CHN,0.069471962,0.067497711,0.061101203,0.011809166,0.092060604,0.057057866,0.056056165,0.055047576,0.054060924,0.054060924,0.054060924,0.054060924,0.054060924,0.054060924,0.054060924,0.054060924,0.054060924
COL,0.013593609,0.025153245,0.033221649,-0.023862248,0.037451286,0.038025511,0.0394,0.0384,0.0384,0.0384,0.0384,0.0384,0.0384,0.0384,0.0384,0.0384,0.0384
COM,0.041774901,0.036390123,0.018655087,-0.011599672,0.030958895,0.035956768,0.037093014,0.037848311,0.038441656,0.038441656,0.038441656,0.038441656,0.038441656,0.038441656,0.038441656,0.038441656,0.038441656
COD,0.037269477,0.058155574,0.043805384,-0.02238536,0.035418082,0.044787763,0.04338725,0.047777751,0.042891167,0.042891167,0.042891167,0.042891167,0.042891167,0.042891167,0.042891167,0.042891167,0.042891167
COG,-0.017721474,0.015902302,-0.009022283,-0.026259838,0.035322386,0.031274302,-0.006061446,-0.003129784,-0.006245969,-0.006245969,-0.006245969,-0.006245969,-0.006245969,-0.006245969,-0.006245969,-0.006245969,-0.006245969
CRI,0.038601987,0.026603753,0.021561479,-0.013813981,0.029184853,0.030492692,0.030606767,0.032033627,0.034648302,0.034648302,0.034648302,0.034648302,0.034648302,0.034648302,0.034648302,0.034648302,0.034648302
CIV,0.073596372,0.06793488,0.069,0.036,0.087,0.074699822,0.064968754,0.063965964,0.061969176,0.061969176,0.061969176,0.061969176,0.061969176,0.061969176,0.061969176,0.061969176,0.061969176
HRV,0.031391436,0.026949725,0.029192335,-0.077769946,0.049186097,0.034781516,0.022329213,0.020152527,0.019501344,0.019501344,0.019501344,0.019501344,0.019501344,0.019501344,0.019501344,0.019501344,0.019501344
CYP,0.043616178,0.040570462,0.032300341,-0.045259121,0.052386204,0.038956802,0.028954099,0.024799198,0.024635788,0.024635788,0.024635788,0.024635788,0.024635788,0.024635788,0.024635788,0.024635788,0.024635788
CZE,0.043526035,0.028460577,0.024489755,-0.019848749,0.049763008,0.025140644,0.025100523,0.025059199,0.025016646,0.025016646,0.025016646,0.025016646,0.025016646,0.025016646,0.025016646,0.025016646,0.025016646
DNK,0.020367212,0.023893805,0.022519927,-0.022,0.033,0.018,0.018,0.0175,0.0178,0.0178,0.0178,0.0178,0.0178,0.0178,0.0178,0.0178,0.0178
DJI,0.054030998,0.084076627,0.074982355,0.03,0.085,0.07,0.065,0.06,0.06,0.06,0.06,0.06,0.06,0.06,0.06,0.06,0.06
DMA,-0.095304081,0.005327385,0.094985262,-0.044530303,0.03118876,0.035453618,0.025600532,0.016469517,0.015000012,0.015000012,0.015000012,0.015000012,0.015000012,0.015000012,0.015000012,0.015000012,0.015000012
DOM,0.046667047,0.069825276,0.050541672,0.020489097,0.045049006,0.050297733,0.049630151,0.05,0.05,0.05,0.05,0.05,0.05,0.05,0.05,0.05,0.05
ECU,0.023683865,0.012892919,0.001409524,-0.039570309,0.025125822,0.015632476,0.016859097,0.020644381,0.023899286,0.023899286,0.023899286,0.023899286,0.023899286,0.023899286,0.023899286,0.023899286,0.023899286
EGY,0.040769511,0.05314121,0.055576839,0.032232611,0.018536817,0.05613069,0.05013563,0.053049577,0.056545983,0.056545983,0.056545983,0.056545983,0.056545983,0.056545983,0.056545983,0.056545983,0.056545983
SLV,0.023045339,0.02535501,0.023,0.025,0.025,0.024,0.024,0.024,0.024,0.024,0.024,0.024,0.024,0.024,0.024,0.024,0.024
GNQ,-0.056670866,-0.058028599,-0.060933998,-0.030218283,0.014256802,-0.050730342,-0.012807946,-0.015330312,-0.02097041,-0.02097041,-0.02097041,-0.02097041,-0.02097041,-0.02097041,-0.02097041,-0.02097041,-0.02097041
ERI,-0.10014723,0.1303218,0.03835908,0.028697192,0.034119932,0.03705283,0.039207057,0.039489397,0.039824098,0.039824098,0.039824098,0.039824098,0.039824098,0.039824098,0.039824098,0.039824098,0.039824098
EST,0.0574881,0.047611468,0.04334473,-0.025,0.021,0.025,0.026,0.028,0.028,0.028,0.028,0.028,0.028,0.028,0.028,0.028,0.028
ETH,0.10209691,0.077026997,0.089671062,0.051174268,0.040893387,0.09185006,0.085151121,0.079960891,0.079791105,0.079791105,0.079791105,0.079791105,0.079791105,0.079791105,0.079791105,0.079791105,0.079791105
EURO,0.02542056,0.019128238,0.012278113,-0.036876493,0.039685759,0.015531901,0.013844159,0.013504802,0.013158391,0.013158391,0.013158391,0.013158391,0.013158391,0.013158391,0.013158391,0.013158391,0.013158391
FJI,0.054253004,0.035258945,0.005,-0.06,0.08,0.05,0.033,0.033,0.032,0.032,0.032,0.032,0.032,0.032,0.032,0.032,0.032
FIN,0.031008991,0.016295733,0.009800738,-0.060306259,0.030961254,0.013183132,0.013319163,0.01320288,0.013000516,0.013000516,0.013000516,0.013000516,0.013000516,0.013000516,0.013000516,0.013000516,0.013000516
FRA,0.022602027,0.017248806,0.013101991,-0.071803517,0.044703568,0.019290896,0.014893577,0.014226648,0.014227147,0.014227147,0.014227147,0.014227147,0.014227147,0.014227147,0.014227147,0.014227147,0.014227147
GAB,0.004990142,0.008456145,0.0340225,-0.011961847,0.035683491,0.052962848,0.044379266,0.046280836,0.040303901,0.040303901,0.040303901,0.040303901,0.040303901,0.040303901,0.040303901,0.040303901,0.040303901
GMB,0.048226112,0.065470265,0.059752044,0.038411797,0.085317849,0.054679654,0.052253171,0.051757535,0.05,0.05,0.05,0.05,0.05,0.05,0.05,0.05,0.05
GEO,0.048422142,0.048433888,0.051649684,-0.02,0.055002615,0.052002218,0.052000861,0.052000344,0.051998456,0.051998456,0.051998456,0.051998456,0.051998456,0.051998456,0.051998456,0.051998456,0.051998456
DEU,0.024651025,0.015223693,0.005645001,-0.069517778,0.051506576,0.015855679,0.013338562,0.01240799,0.011379892,0.011379892,0.011379892,0.011379892,0.011379892,0.011379892,0.011379892,0.011379892,0.011379892
GHA,0.081434465,0.062634808,0.061129575,0.014868337,0.058680912,0.033405449,0.071479645,0.04350166,0.042873522,0.042873522,0.042873522,0.042873522,0.042873522,0.042873522,0.042873522,0.042873522,0.042873522
GRC,0.015049182,0.01934324,0.018703147,-0.100396355,0.050640164,0.049440332,0.030751999,0.011212543,0.010336496,0.010336496,0.010336496,0.010336496,0.010336496,0.010336496,0.010336496,0.010336496,0.010336496
GRD,0.044386757,0.041411528,0.031423653,-0.080006709,0.060955973,0.051641046,0.038968549,0.029635955,0.027353955,0.027353955,0.027353955,0.027353955,0.027353955,0.027353955,0.027353955,0.027353955,0.027353955
GTM,0.030025253,0.030557676,0.035704903,0.03201,0.034,0.03581,0.03566,0.03507,0.03465,0.03465,0.03465,0.03465,0.03465,0.03465,0.03465,0.03465,0.03465
GIN,0.103381214,0.061811386,0.056446151,0.057540219,0.062165407,0.055521519,0.051080354,0.049786354,0.049585049,0.049585049,0.049585049,0.049585049,0.049585049,0.049585049,0.049585049,0.049585049,0.049585049
GNB,0.047889916,0.038,0.046,-0.015,0.03,0.05,0.05,0.05,0.05,0.05,0.05,0.05,0.05,0.05,0.05,0.05,0.05
GUY,0.021341323,0.041382324,0.046625038,0.624418574,0.064591929,0.199357122,0.280833712,0.053064897,0.062558097,0.062558097,0.062558097,0.062558097,0.062558097,0.062558097,0.062558097,0.062558097,0.062558097
HTI,0.011732795,0.01483883,-0.011974412,-0.04,0.012,0.01,0.011,0.012,0.013996557,0.013996557,0.013996557,0.013996557,0.013996557,0.013996557,0.013996557,0.013996557,0.013996557
HND,0.048428102,0.036968279,0.0254,0.0274,0.03014,0.031647,0.03322935,0.034890818,0.038030991,0.038030991,0.038030991,0.038030991,0.038030991,0.038030991,0.038030991,0.038030991,0.038030991
HKG,0.037910055,0.028615649,-0.011882723,-0.024813998,0.036788981,0.028419312,0.027735727,0.027985714,0.028284016,0.028284016,0.028284016,0.028284016,0.028284016,0.028284016,0.028284016,0.028284016,0.028284016
HUN,0.04322809,0.050939988,0.049277961,-0.031,0.042,0.027,0.024,0.022,0.022,0.022,0.022,0.022,0.022,0.022,0.022,0.022,0.022
ISL,0.045460347,0.038143604,0.019186808,-0.072058308,0.060479326,0.021986099,0.020032178,0.020980195,0.019793208,0.019793208,0.019793208,0.019793208,0.019793208,0.019793208,0.019793208,0.019793208,0.019793208
IND,0.070438464,0.061196221,0.04228482,0.018712148,0.074249154,0.071896699,0.072060343,0.072068779,0.072333218,0.072333218,0.072333218,0.072333218,0.072333218,0.072333218,0.072333218,0.072333218,0.072333218
IDN,0.050697859,0.051697056,0.05024714,-0.004891053,0.088149776,0.05509514,0.051105805,0.050788452,0.050857039,0.050857039,0.050857039,0.050857039,0.050857039,0.050857039,0.050857039,0.050857039,0.050857039
IRN,0.037321824,-0.048449599,-0.084997243,-0.060026903,0.0301293,0.015353631,0.015423549,0.011035291,0.011101641,0.011101641,0.011101641,0.011101641,0.011101641,0.011101641,0.011101641,0.011101641,0.011101641
IRQ,-0.024946429,-0.005627455,0.039144311,-0.029008041,0.054637845,0.018554081,0.019717873,0.019803495,0.015251865,0.015251865,0.015251865,0.015251865,0.015251865,0.015251865,0.015251865,0.015251865,0.015251865
IRL,0.081547708,0.083069074,0.055434035,-0.00500392,0.058483242,0.033675456,0.028482708,0.027403808,0.026155085,0.026155085,0.026155085,0.026155085,0.026155085,0.026155085,0.026155085,0.026155085,0.026155085
ISR,0.035746501,0.034412394,0.03520945,-0.003160165,0.059314934,0.033389978,0.032283754,0.031588642,0.031498133,0.031498133,0.031498133,0.031498133,0.031498133,0.031498133,0.031498133,0.031498133,0.031498133
ITA,0.016679131,0.007980722,0.003012795,-0.09133516,0.048295065,0.014983571,0.006766441,0.0064,0.006,0.006,0.006,0.006,0.006,0.006,0.006,0.006,0.006
JAM,0.006865067,0.018861789,0.009703081,-0.045925863,0.039101167,0.019434885,0.02150095,0.019867026,0.020753695,0.020753695,0.020753695,0.020753695,0.020753695,0.020753695,0.020753695,0.020753695,0.020753695
JPN,0.021682715,0.003231886,0.006541519,-0.051626235,0.030117606,0.010800755,0.00858507,0.009020502,0.007203941,0.007203941,0.007203941,0.007203941,0.007203941,0.007203941,0.007203941,0.007203941,0.007203941
JOR,0.021155974,0.019401604,0.020208834,-0.020164156,0.030359776,0.028348575,0.028,0.031,0.033,0.033,0.033,0.033,0.033,0.033,0.033,0.033,0.033
KAZ,0.041,0.041,0.045,-0.042620144,0.041452231,0.036991688,0.050057911,0.03118896,0.031336315,0.031336315,0.031336315,0.031336315,0.031336315,0.031336315,0.031336315,0.031336315,0.031336315
KEN,0.048625405,0.063197844,0.056261843,0.010095435,0.061325352,0.058475797,0.057912381,0.058131113,0.058353654,0.058353654,0.058353654,0.058353654,0.058353654,0.058353654,0.058353654,0.058353654,0.058353654
KIR,0.008971944,0.023130875,0.022966125,1.27E-05,0.022161546,0.018956574,0.019039735,0.017856137,0.017549148,0.017549148,0.017549148,0.017549148,0.017549148,0.017549148,0.017549148,0.017549148,0.017549148
KOR,0.031596418,0.026649303,0.020331565,0.001500365,0.028225051,0.029278841,0.027936347,0.025874578,0.024227442,0.024227442,0.024227442,0.024227442,0.024227442,0.024227442,0.024227442,0.024227442,0.024227442
UVK,0.0422609,0.038162038,0.04,-0.0402,0.0626,0.037,0.038,0.039,0.04,0.04,0.04,0.04,0.04,0.04,0.04,0.04,0.04
KWT,-0.047101309,0.012459503,0.007340774,0.00228187,0.028662118,0.026568194,0.026622142,0.026676183,0.02673031,0.02673031,0.02673031,0.02673031,0.02673031,0.02673031,0.02673031,0.02673031,0.02673031
KGZ,0.047399373,0.03459214,0.044684971,-0.040439641,0.079850403,0.079540288,0.040338425,0.04104708,0.04135656,0.04135656,0.04135656,0.04135656,0.04135656,0.04135656,0.04135656,0.04135656,0.04135656
LAO,0.068321501,0.063082265,0.04720459,0.00723119,0.0560147,0.055644983,0.057515409,0.057687641,0.060346309,0.060346309,0.060346309,0.060346309,0.060346309,0.060346309,0.060346309,0.060346309,0.060346309
LVA,0.037873179,0.042848252,0.021974418,-0.086078835,0.082853959,0.02659587,0.027872016,0.029287062,0.030194374,0.030194374,0.030194374,0.030194374,0.030194374,0.030194374,0.030194374,0.030194374,0.030194374
LBN,0.008506996,-0.019264048,-0.06512842,-0.120193852,-0.120193852,-0.120193852,-0.120193852,-0.120193852,-0.120193852,-0.120193852,-0.120193852,-0.120193852,-0.120193852,-0.120193852,-0.120193852,-0.120193852,-0.120193852
LSO,-0.00973118,0.003807811,0.012478344,0.02079109,0.026491443,0.060456805,0.00996805,0.002102683,0.018248087,0.018248087,0.018248087,0.018248087,0.018248087,0.018248087,0.018248087,0.018248087,0.018248087
LBR,0.024686288,0.012423513,-0.025161157,-0.025012188,0.040248922,0.043838501,0.049510705,0.053564628,0.053994467,0.053994467,0.053994467,0.053994467,0.053994467,0.053994467,0.053994467,0.053994467,0.053994467
LBY,0.640140561,0.178793676,0.098895923,-0.58662264,0.806558133,0.217865862,0.09107258,0.002982359,0.003003226,0.003003226,0.003003226,0.003003226,0.003003226,0.003003226,0.003003226,0.003003226,0.003003226
LTU,0.042475925,0.036444654,0.039138404,-0.080863413,0.081553777,0.051433266,0.035178146,0.02621052,0.022501353,0.022501353,0.022501353,0.022501353,0.022501353,0.022501353,0.022501353,0.022501353,0.022501353
LUX,0.018008676,0.031110877,0.022977467,-0.003230736,0.039000901,0.028448994,0.027490015,0.026490096,0.026489998,0.026489998,0.026489998,0.026489998,0.026489998,0.026489998,0.026489998,0.026489998,0.026489998
MAC,0.098875841,0.054422971,-0.047106376,-0.296157353,0.320167769,0.028428875,0.037914556,0.039306158,0.045977897,0.045977897,0.045977897,0.045977897,0.045977897,0.045977897,0.045977897,0.045977897,0.045977897
MKD,0.010815405,0.027199881,0.035506573,-0.04,0.07,0.0454,0.04,0.0354,0.0354,0.0354,0.0354,0.0354,0.0354,0.0354,0.0354,0.0354,0.0354
MDG,0.039333162,0.045647828,0.047575701,0.015777297,0.047711363,0.052044055,0.053638694,0.053600987,0.05305618,0.05305618,0.05305618,0.05305618,0.05305618,0.05305618,0.05305618,0.05305618,0.05305618
MWI,0.04,0.0317,0.045,0.045,0.0535,0.0577,0.063,0.063,0.0625,0.0625,0.0625,0.0625,0.0625,0.0625,0.0625,0.0625,0.0625
MYS,0.057419109,0.047414489,0.043303426,-0.017,0.09,0.057,0.054635006,0.053452509,0.052861261,0.052861261,0.052861261,0.052861261,0.052861261,0.052861261,0.052861261,0.052861261,0.052861261
MDV,0.06803666,0.068888173,0.05656974,-0.080743654,0.132004232,0.063844488,0.059111108,0.053673712,0.053799056,0.053799056,0.053799056,0.053799056,0.053799056,0.053799056,0.053799056,0.053799056,0.053799056
MLI,0.053054438,0.047469255,0.051,0.047303584,0.05,0.05,0.05,0.05,0.05,0.05,0.05,0.05,0.05,0.05,0.05,0.05,0.05
MLT,0.064711902,0.073142219,0.043840977,-0.028143911,0.070179424,0.05331808,0.032553494,0.031550722,0.03147214,0.03147214,0.03147214,0.03147214,0.03147214,0.03147214,0.03147214,0.03147214,0.03147214
MHL,0.04056625,0.036247584,0.024105732,0.014,0.032975,0.028,0.023,0.02,0.018,0.018,0.018,0.018,0.018,0.018,0.018,0.018,0.018
MRT,0.038044047,0.04702251,0.05786601,0.057906378,0.062285901,0.075295732,0.064257482,0.06134573,0.061803199,0.061803199,0.061803199,0.061803199,0.061803199,0.061803199,0.061803199,0.061803199,0.061803199
MUS,0.038140589,0.037613846,0.034824,-0.068,0.059,0.051,0.04,0.038,0.038,0.038,0.038,0.038,0.038,0.038,0.038,0.038,0.038
MEX,0.021180857,0.021359553,-0.001456018,-0.066302487,0.030243618,0.020101189,0.023102,0.023754488,0.023971444,0.023971444,0.023971444,0.023971444,0.023971444,0.023971444,0.023971444,0.023971444,0.023971444
FSM,0.026821789,0.002116584,0.011832655,-0.003836884,0.013853811,0.006,0.006,0.006,0.006,0.006,0.006,0.006,0.006,0.006,0.006,0.006,0.006
MDA,0.046907937,0.040019496,0.035804843,-0.03,0.041,0.038,0.038,0.038,0.038,0.038,0.038,0.038,0.038,0.038,0.038,0.038,0.038
MNG,0.053370373,0.072466285,0.050991701,-0.01,0.08,0.055,0.06,0.05,0.045,0.045,0.045,0.045,0.045,0.045,0.045,0.045,0.045
MNE,0.047164644,0.050778874,0.036086698,-0.080032591,0.06,0.04,0.03,0.03,0.03,0.03,0.03,0.03,0.03,0.03,0.03,0.03,0.03
0,-0.037825212,0.039919083,0.044935806,-0.069508061,-0.023754031,0.022,0.022,0.022,0.022,0.022,0.022,0.022,0.022,0.022,0.022,0.022,0.022
MAR,0.042348768,0.029902638,0.024473497,-0.007788181,0.040463244,0.036991813,0.039098068,0.039785114,0.041221036,0.041221036,0.041221036,0.041221036,0.041221036,0.041221036,0.041221036,0.041221036,0.041221036
MOZ,0.037413176,0.034281737,0.022239,0.022,0.047,0.04,0.086040455,0.109878824,0.112448761,0.112448761,0.112448761,0.112448761,0.112448761,0.112448761,0.112448761,0.112448761,0.112448761
MMR,0.057500645,0.064049773,0.065,0.038567197,0.054902784,0.058086326,0.05866678,0.06084057,0.061170805,0.061170805,0.061170805,0.061170805,0.061170805,0.061170805,0.061170805,0.061170805,0.061170805
NAM,-0.000615816,0.003419334,-0.013942702,-0.001173033,0.035633941,0.025964752,0.032757745,0.026612519,0.026612519,0.026612519,0.026612519,0.026612519,0.026612519,0.026612519,0.026612519,0.026612519,0.026612519
NPL,0.082234995,0.066575327,0.070514015,0.029840481,0.069870251,0.056339117,0.053405755,0.053237773,0.053053462,0.053053462,0.053053462,0.053053462,0.053053462,0.053053462,0.053053462,0.053053462,0.053053462
NLD,0.029109485,0.025973704,0.0174841,-0.034898782,0.03820266,0.014034206,0.01440856,0.015417714,0.01544093,0.01544093,0.01544093,0.01544093,0.01544093,0.01544093,0.01544093,0.01544093,0.01544093
NZL,0.037742933,0.031658451,0.021795705,-0.012579875,0.040198472,0.038313702,0.036712819,0.025427153,0.025240545,0.025240545,0.025240545,0.025240545,0.025240545,0.025240545,0.025240545,0.025240545,0.025240545
NIC,0.046754754,-0.038157102,-0.057498876,-0.012,0,0.008,0.0135,0.0175,0.0204,0.0204,0.0204,0.0204,0.0204,0.0204,0.0204,0.0204,0.0204
NER,0.049979289,0.07004562,0.058330802,0.039873465,0.073732048,0.130259187,0.062727041,0.070117373,0.07838158,0.07838158,0.07838158,0.07838158,0.07838158,0.07838158,0.07838158,0.07838158,0.07838158
NGA,0.00805887,0.019227572,0.022084297,-0.00951316,0.02324075,0.020799541,0.019828435,0.019639824,0.020130866,0.020130866,0.020130866,0.020130866,0.020130866,0.020130866,0.020130866,0.020130866,0.020130866
NOR,0.023232916,0.012895011,0.011514804,-0.04551387,0.039379245,0.025259454,0.019655426,0.015368012,0.015427711,0.015427711,0.015427711,0.015427711,0.015427711,0.015427711,0.015427711,0.015427711,0.015427711
OMN,0.003460316,0.017640875,0.004688929,-0.028435421,0.029719818,0.025285797,0.024109495,0.031055418,0.018581561,0.018581561,0.018581561,0.018581561,0.018581561,0.018581561,0.018581561,0.018581561,0.018581561
PAK,0.052185159,0.055276529,0.032942522,0.018004615,0.022991764,0.037470727,0.045418549,0.049743312,0.050274169,0.050274169,0.050274169,0.050274169,0.050274169,0.050274169,0.050274169,0.050274169,0.050274169
PLW,-0.033997961,0.051583037,0.005,-0.119487668,0.1443956,0.018701452,0.018451346,0.018216162,0.017994611,0.017994611,0.017994611,0.017994611,0.017994611,0.017994611,0.017994611,0.017994611,0.017994611
PAN,0.055990135,0.036921969,0.030064313,0.009910958,0.040114265,0.05,0.05,0.05,0.05,0.05,0.05,0.05,0.05,0.05,0.05,0.05,0.05
PNG,0.03537839,-0.008491923,0.050255427,-0.009610395,0.029192471,0.0291615,0.032898985,0.03348707,0.030968859,0.030968859,0.030968859,0.030968859,0.030968859,0.030968859,0.030968859,0.030968859,0.030968859
PRY,0.049537722,0.036808504,0.002,0.01,0.045,0.04,0.04,0.04,0.035,0.035,0.035,0.035,0.035,0.035,0.035,0.035,0.035
PER,0.024749863,0.039690667,0.021620985,-0.020057752,0.045068433,0.039247835,0.037002544,0.037030701,0.036972099,0.036972099,0.036972099,0.036972099,0.036972099,0.036972099,0.036972099,0.036972099,0.036972099
PHL,0.066775536,0.062437377,0.059054615,0.006483722,0.076155058,0.064613427,0.065107611,0.064930567,0.065079206,0.065079206,0.065079206,0.065079206,0.065079206,0.065079206,0.065079206,0.065079206,0.065079206
POL,0.049376501,0.051479998,0.040948062,-0.018086248,0.050061247,0.035253339,0.028128219,0.026972013,0.026640479,0.026640479,0.026640479,0.026640479,0.026640479,0.026640479,0.026640479,0.026640479,0.026640479
PRT,0.03506358,0.02637223,0.021565783,-0.08,0.05,0.02,0.017,0.016,0.015,0.015,0.015,0.015,0.015,0.015,0.015,0.015,0.015
PRI,-0.026573934,-0.049056262,-0.04,0.02,0,-0.002,-0.003,-0.003,-0.003,-0.003,-0.003,-0.003,-0.003,-0.003,-0.003,-0.003,-0.003
QAT,0.015798503,0.014933789,0.00425302,-0.008080169,0.027363819,0.021357228,0.012068052,0.025521719,0.02489998,0.02489998,0.02489998,0.02489998,0.02489998,0.02489998,0.02489998,0.02489998,0.02489998
ROU,0.07111443,0.044368594,0.040782785,-0.003,0.036001453,0.03000333,0.030000041,0.030000978,0.030000708,0.030000708,0.030000708,0.030000708,0.030000708,0.030000708,0.030000708,0.030000708,0.030000708
RUS,0.017944055,0.025349847,0.013362548,-0.054663509,0.034958688,0.03049,0.02845,0.02695,0.0202,0.0202,0.0202,0.0202,0.0202,0.0202,0.0202,0.0202,0.0202
RWA,0.061201839,0.086060063,0.100629344,0.035,0.0665,0.079822859,0.08630577,0.071461182,0.060277338,0.060277338,0.060277338,0.060277338,0.060277338,0.060277338,0.060277338,0.060277338,0.060277338
WSM,0.010155618,-0.021680991,0.034643122,-0.036683471,0.005,0.017,0.022260062,0.022260062,0.022260062,0.022260062,0.022260062,0.022260062,0.022260062,0.022260062,0.022260062,0.022260062,0.022260062
SMR,0.004349522,0.016955777,0.011,-0.0622,0.038,0.007843254,0.007166324,0.005874743,0.005,0.005,0.005,0.005,0.005,0.005,0.005,0.005,0.005
STP,0.038711859,0.026576938,0.022,0.035,0.04,0.045,0.045,0.045,0.045,0.045,0.045,0.045,0.045,0.045,0.045,0.045,0.045
SAU,-0.007415027,0.024341108,0.003314357,0.01246829,0.015501565,0.021502733,0.023596561,0.02413821,0.024754317,0.024754317,0.024754317,0.024754317,0.024754317,0.024754317,0.024754317,0.024754317,0.024754317
SEN,0.074074862,0.063627705,0.060189766,0.040185567,0.079770067,0.087272714,0.113361285,0.079265931,0.060879548,0.060879548,0.060879548,0.060879548,0.060879548,0.060879548,0.060879548,0.060879548,0.060879548
SRB,0.020493048,0.043922372,0.041871015,9.70E-05,0.069903357,0.047956842,0.040450577,0.040192117,0.039611775,0.039611775,0.039611775,0.039611775,0.039611775,0.039611775,0.039611775,0.039611775,0.039611775
SYC,0.043323887,0.040887624,0.039066644,0.022678639,0.045721821,0.040163978,0.038356952,0.03578634,0.035739748,0.035739748,0.035739748,0.035739748,0.035739748,0.035739748,0.035739748,0.035739748,0.035739748
SLE,0.037709266,0.034582936,0.051243729,-0.016971628,0.047301841,0.0450693,0.044345842,0.044977692,0.046073982,0.046073982,0.046073982,0.046073982,0.046073982,0.046073982,0.046073982,0.046073982,0.046073982
SGP,0.043366049,0.03438111,0.007333099,-0.034697867,0.02961818,0.02195468,0.023886787,0.025294163,0.025198964,0.025198964,0.025198964,0.025198964,0.025198964,0.025198964,0.025198964,0.025198964,0.025198964
SVK,0.030408168,0.040336667,0.022761527,-0.027,0.056,0.02749,0.031,0.025,0.027,0.027,0.027,0.027,0.027,0.027,0.027,0.027,0.027
SVN,0.048331566,0.041184503,0.024427777,-0.080393994,0.054484239,0.034483148,0.028449188,0.026449101,0.023481011,0.023481011,0.023481011,0.023481011,0.023481011,0.023481011,0.023481011,0.023481011,0.023481011
SLB,0.036936182,0.038629839,0.012396758,-0.020698099,0.037667602,0.028229023,0.028800939,0.029765881,0.028909971,0.028909971,0.028909971,0.028909971,0.028909971,0.028909971,0.028909971,0.028909971,0.028909971
ZAF,0.014145126,0.007870556,0.001525899,-0.023003103,0.025035689,0.010947854,0.013386228,0.014566441,0.01456,0.01456,0.01456,0.01456,0.01456,0.01456,0.01456,0.01456,0.01456
SSD,-0.054909399,-0.011229417,0.112832408,0.047203522,0.050154209,0.059144804,0.052774059,0.047000147,0.049224072,0.049224072,0.049224072,0.049224072,0.049224072,0.049224072,0.049224072,0.049224072,0.049224072
ESP,0.028947546,0.023535632,0.019768413,-0.08,0.041085719,0.024158332,0.01919614,0.017999432,0.016916715,0.016916715,0.016916715,0.016916715,0.016916715,0.016916715,0.016916715,0.016916715,0.016916715
LKA,0.034198187,0.032091511,0.026317289,0.02805795,0.044156752,0.0417823,0.04317966,0.044716073,0.045358447,0.045358447,0.045358447,0.045358447,0.045358447,0.045358447,0.045358447,0.045358447,0.045358447
KNA,-0.019782972,0.029239388,0.029093762,-0.081,0.0855,0.027,0.026737984,0.026951716,0.027073738,0.027073738,0.027073738,0.027073738,0.027073738,0.027073738,0.027073738,0.027073738,0.027073738
LCA,0.034593785,0.026053526,0.017344411,-0.077792257,0.110716696,0.022082947,0.014654281,0.014666449,0.01467877,0.01467877,0.01467877,0.01467877,0.01467877,0.01467877,0.01467877,0.01467877,0.01467877
VCT,0.010003579,0.021631289,0.003996829,-0.045473362,0.053540994,0.041018167,0.031986227,0.024513028,0.024827469,0.024827469,0.024827469,0.024827469,0.024827469,0.024827469,0.024827469,0.024827469,0.024827469
SDN,0.007086211,-0.022940951,-0.025173582,-0.018019205,-0.008513994,0.008215403,0.013747635,0.016063772,0.016291042,0.016291042,0.016291042,0.016291042,0.016291042,0.016291042,0.016291042,0.016291042,0.016291042
SUR,0.017621888,0.026219882,0.023,-0.009,0.024,0.01952,0.024,0.025,0.025,0.025,0.025,0.025,0.025,0.025,0.025,0.025,0.025
SWZ,0.020249628,0.023510098,0.010638347,0.008299357,0.015300797,0.009430543,0.009081636,0.009263358,0.008026881,0.008026881,0.008026881,0.008026881,0.008026881,0.008026881,0.008026881,0.008026881,0.008026881
SWE,0.024118709,0.022251994,0.012319125,-0.032455624,0.045701506,0.016567365,0.018140576,0.019626476,0.020397394,0.020397394,0.020397394,0.020397394,0.020397394,0.020397394,0.020397394,0.020397394,0.020397394
CHE,0.018643845,0.02744261,0.009166909,-0.05966,0.037767871,0.018,0.012,0.018,0.012,0.012,0.012,0.012,0.012,0.012,0.012,0.012,0.012
SYR,0.1,0.1,0.1,0.1,0.1,0.1,0.1,0.1,0.1,0.1,0.1,0.1,0.1,0.1,0.1,0.1,0.1
TWN,0.033113764,0.027452406,0.027140438,-0.040310187,0.035474675,0.021312522,0.020911734,0.020482059,0.020472515,0.020472515,0.020472515,0.020472515,0.020472515,0.020472515,0.020472515,0.020472515,0.020472515
TJK,0.071,0.073,0.075,0.01,0.055,0.045,0.04,0.04,0.04,0.04,0.04,0.04,0.04,0.04,0.04,0.04,0.04
TZA,0.06772906,0.06950557,0.062691669,0.020126299,0.04558253,0.060921995,0.064442403,0.0674386,0.067102581,0.067102581,0.067102581,0.067102581,0.067102581,0.067102581,0.067102581,0.067102581,0.067102581
THA,0.040662503,0.041507621,0.023718763,-0.014970157,0.046715878,0.058264332,0.050336224,0.038018017,0.036488923,0.036488923,0.036488923,0.036488923,0.036488923,0.036488923,0.036488923,0.036488923,0.036488923
TLS,-0.037986486,-0.007798578,0.031,-0.03,0.038,0.042,0.036,0.036,0.036,0.036,0.036,0.036,0.036,0.036,0.036,0.036,0.036
TGO,0.043574139,0.049101475,0.053,0.01,0.04,0.055,0.055,0.055,0.055,0.055,0.055,0.055,0.055,0.055,0.055,0.055,0.055
TON,0.026934093,0.004357505,0.004689367,0.011199994,0.029933715,0.034667988,0.023753375,0.017859316,0.017959439,0.017959439,0.017959439,0.017959439,0.017959439,0.017959439,0.017959439,0.017959439,0.017959439
TTO,-0.02312106,-0.002452205,-3.27E-05,-0.035362572,0.021322225,0.036495853,0.016681785,0.014405082,0.014365029,0.014365029,0.014365029,0.014365029,0.014365029,0.014365029,0.014365029,0.014365029,0.014365029
TUN,0.019180549,0.026635935,0.01043251,-0.042758417,0.040867015,0.026556927,0.026727773,0.030204517,0.033124022,0.033124022,0.033124022,0.033124022,0.033124022,0.033124022,0.033124022,0.033124022,0.033124022
TUR,0.074708669,0.028267761,0.009372674,-0.04998064,0.050033778,0.040000051,0.035000025,0.035000008,0.035000043,0.035000043,0.035000043,0.035000043,0.035000043,0.035000043,0.035000043,0.035000043,0.035000043
TKM,0.064696359,0.061534451,0.063468654,0.018448643,0.063758306,0.059309405,0.058247124,0.057152947,0.056303294,0.056303294,0.056303294,0.056303294,0.056303294,0.056303294,0.056303294,0.056303294,0.056303294
TUV,0.04599616,0.036624126,0.06,0.015283464,0.035489109,0.039163773,0.037459675,0.037082261,0.031012995,0.031012995,0.031012995,0.031012995,0.031012995,0.031012995,0.031012995,0.031012995,0.031012995
UGA,0.050264138,0.063312113,0.057724811,0.051150541,0.053709849,0.056521394,0.060099104,0.077958184,0.09959617,0.09959617,0.09959617,0.09959617,0.09959617,0.09959617,0.09959617,0.09959617,0.09959617
UKR,0.025245129,0.032765675,0.031727569,-0.07730598,0.035647791,0.040051994,0.043102175,0.044801715,0.046469391,0.046469391,0.046469391,0.046469391,0.046469391,0.046469391,0.046469391,0.046469391,0.046469391
ARE,0.004908748,0.017263493,0.012917445,-0.022772606,0.032670044,0.018051162,0.021603146,0.022288464,0.021316089,0.021316089,0.021316089,0.021316089,0.021316089,0.021316089,0.021316089,0.021316089,0.021316089
GBR,0.01892078,0.013407212,0.014086428,-0.065023775,0.04034798,0.027433644,0.017637686,0.016001044,0.015565581,0.015565581,0.015565581,0.015565581,0.015565581,0.015565581,0.015565581,0.015565581,0.015565581
USA,0.023699924,0.029271431,0.023335202,-0.059071034,0.047390796,0.030018786,0.021667624,0.020776654,0.019976703,0.019976703,0.019976703,0.019976703,0.019976703,0.019976703,0.019976703,0.019976703,0.019976703
URY,0.025913387,0.016200836,0.002221217,-0.017,0.048,0.025,0.022,0.022,0.022,0.022,0.022,0.022,0.022,0.022,0.022,0.022,0.022
UZB,0.044615539,0.054000739,0.056000016,0.018,0.07,0.06,0.06,0.06,0.06,0.06,0.06,0.06,0.06,0.06,0.06,0.06,0.06
VUT,0.04412666,0.028,0.0291,-0.037721271,0.063288743,0.040172203,0.035,0.032,0.029,0.029,0.029,0.029,0.029,0.029,0.029,0.029,0.029
VEN,-0.156714089,-0.196214526,-0.35,-0.15,-0.05,-0.02,-0.02,-0.02,-0.02,-0.02,-0.02,-0.02,-0.02,-0.02,-0.02,-0.02,-0.02
VNM,0.069401904,0.070757967,0.070174368,0.036,0.067,0.065,0.065,0.065,0.065,0.065,0.065,0.065,0.065,0.065,0.065,0.065,0.065
PSE,0.014193676,0.012270774,0.011715745,-0.050455025,0.06476562,0.030883733,0.02771564,0.019798371,0.019805203,0.019805203,0.019805203,0.019805203,0.019805203,0.019805203,0.019805203,0.019805203,0.019805203
YEM,-0.050717956,0.007524476,0.021,0,0.137835069,0.081783372,0.065701671,0.046048754,0.04625968,0.04625968,0.04625968,0.04625968,0.04625968,0.04625968,0.04625968,0.04625968,0.04625968
ZMB,0.035240201,0.040348116,0.015199502,0.015334078,0.014645298,0.015391807,0.014950144,0.015162137,0.014711492,0.014711492,0.014711492,0.014711492,0.014711492,0.014711492,0.014711492,0.014711492,0.014711492
ZWE,0.047039563,0.034971619,-0.082764824,-0.07382656,0.025160649,0.024934882,0.0216,0.0216,0.0216,0.0216,0.0216,0.0216,0.0216,0.0216,0.0216,0.0216,0.0216
