CountryCode,TwoLetterCountryCode,FuelType,Year,CapacityMW,ProductionGWh,ProductionMWy,OrigProdGreaterThanOrigCap,CapacityFactor
AFG,AF,bio,2018,0,0,0,FALSE,0
AFG,AF,coa,2018,0,0,0,FALSE,0
AFG,AF,hyd,2018,384,996.22,113.72374429223744,FALSE,0.2961555840943683
AFG,AF,nga,2018,0,0,0,FALSE,0
AFG,AF,nuc,2018,0,0,0,FALSE,0
AFG,AF,oil,2018,225,147.74,16.865296803652967,FALSE,0.07495687468290207
AFG,AF,ore,2018,0,0,0,FALSE,0
AFG,AF,sol,2018,22,0,0,FALSE,0
AFG,AF,wnd,2018,0,0,0,FALSE,0
AGO,AO,bio,2018,0,0,0,FALSE,0
AGO,AO,coa,2018,0,0,0,FALSE,0
AGO,AO,hyd,2018,2699,8321.9125,949.9900114155251,FALSE,0.3519785147890052
AGO,AO,nga,2018,1184,0,0,FALSE,0
AGO,AO,nuc,2018,0,0,0,FALSE,0
AGO,AO,oil,2018,1443.38,3175.0752,362.4515068493151,FALSE,0.25111301725762797
AGO,AO,ore,2018,0,0,0,FALSE,0
AGO,AO,sol,2018,13,0,0,FALSE,0
AGO,AO,wnd,2018,0,0,0,FALSE,0
ALB,AL,bio,2018,0,0,0,FALSE,0
ALB,AL,coa,2018,0,0,0,FALSE,0
ALB,AL,hyd,2018,2105,8552.1499,976.2728196347032,FALSE,0.4637875627718305
ALB,AL,nga,2018,0,0,0,FALSE,0
ALB,AL,nuc,2018,0,0,0,FALSE,0
ALB,AL,oil,2018,98,0,0,FALSE,0
ALB,AL,ore,2018,0,0,0,FALSE,0
ALB,AL,sol,2018,1,2.2,0.2511415525114155,FALSE,0.2511415525114155
ALB,AL,wnd,2018,0,0,0,FALSE,0
ARE,AE,bio,2018,0,0,0,FALSE,0
ARE,AE,coa,2018,0,0,0,FALSE,0
ARE,AE,hyd,2018,0,0,0,FALSE,0
ARE,AE,nga,2018,32371,133057.5455,15189.21752283105,FALSE,0.4692229935074928
ARE,AE,nuc,2018,0,0,0,FALSE,0
ARE,AE,oil,2018,500,1530,174.65753424657535,FALSE,0.3493150684931507
ARE,AE,ore,2018,0,0,0,FALSE,0
ARE,AE,sol,2018,594,1409.1877,160.86617579908676,FALSE,0.27081847777624035
ARE,AE,wnd,2018,1,0,0,FALSE,0
ARG,AR,bio,2018,653,1918.6348,219.02223744292237,FALSE,0.3354092457012594
ARG,AR,coa,2018,930,2486.5351,283.8510388127854,FALSE,0.3052161707664359
ARG,AR,hyd,2018,11288.32,40312.57,4601.891552511415,FALSE,0.4076684176663503
ARG,AR,nga,2018,24072.5,86952.5285,9926.087728310502,FALSE,0.4123413741119743
ARG,AR,nuc,2018,1627,7013.9551,800.6798059360731,FALSE,0.4921203478402416
ARG,AR,oil,2018,2913,6525.138,744.8787671232876,FALSE,0.25570846794482927
ARG,AR,ore,2018,0,0,0,FALSE,0
ARG,AR,sol,2018,190.63,108.117,12.342123287671233,FALSE,0.06474386658800417
ARG,AR,wnd,2018,750,1412.743,161.2720319634703,FALSE,0.21502937595129376
ARM,AM,bio,2018,0,0,0,FALSE,0
ARM,AM,coa,2018,0,0,0,FALSE,0
ARM,AM,hyd,2018,1336.4,2318.3022,264.6463698630137,FALSE,0.19802930998429638
ARM,AM,nga,2018,2390,3375.4825,385.3290525114155,FALSE,0.16122554498385586
ARM,AM,nuc,2018,407.5,2076.1,236.99771689497717,FALSE,0.5815894893128274
ARM,AM,oil,2018,0,0,0,FALSE,0
ARM,AM,ore,2018,0,0,0,FALSE,0
ARM,AM,sol,2018,17,7.6804,0.8767579908675799,FALSE,0.051573999462798815
ARM,AM,wnd,2018,11.8,1.682,0.19200913242009132,FALSE,0.016271960374584008
AUS,AU,bio,2018,709,3517.1373,401.4996917808219,FALSE,0.5662901153467164
AUS,AU,coa,2018,25150,157710.3231,18003.46154109589,FALSE,0.7158434012364171
AUS,AU,hyd,2018,8725,16020.9002,1828.8698858447488,FALSE,0.2096125943661603
AUS,AU,nga,2018,18331,53881.9411,6150.906518264839,FALSE,0.33554669784871743
AUS,AU,nuc,2018,0,0,0,FALSE,0
AUS,AU,oil,2018,1878,4904.3651,559.8590296803652,FALSE,0.2981144992973191
AUS,AU,ore,2018,1,0,0,FALSE,0
AUS,AU,sol,2018,11305,9931.742,1133.760502283105,FALSE,0.1002884124089434
AUS,AU,wnd,2018,5818,15174.4431,1732.2423630136987,FALSE,0.2977384604698691
AUT,AT,bio,2018,1734,5645.484,644.4616438356164,FALSE,0.37166184765606486
AUT,AT,coa,2018,1187,3619.747,413.2131278538813,FALSE,0.3481155247294703
AUT,AT,hyd,2018,14516.246,41438.3024,4730.399817351598,FALSE,0.3258693616346539
AUT,AT,nga,2018,5228.336,9848.6204,1124.2717351598174,FALSE,0.21503433122121787
AUT,AT,nuc,2018,0,0,0,FALSE,0
AUT,AT,oil,2018,704.406,717.475,81.90353881278538,FALSE,0.11627319871322134
AUT,AT,ore,2018,1,0.239,0.02728310502283105,FALSE,0.02728310502283105
AUT,AT,sol,2018,1437.6,1437.641,164.1142694063927,FALSE,0.11415850682136389
AUT,AT,wnd,2018,2877.5,6030.2085,688.3799657534247,FALSE,0.2392284850576628
AZE,AZ,bio,2018,45,162.2,18.515981735159816,FALSE,0.41146626078132925
AZE,AZ,coa,2018,0,0,0,FALSE,0
AZE,AZ,hyd,2018,1130.8,1768,201.82648401826484,FALSE,0.1784811496447337
AZE,AZ,nga,2018,3070,23128.1,2640.1940639269405,FALSE,0.8599980664257135
AZE,AZ,nuc,2018,0,0,0,FALSE,0
AZE,AZ,oil,2018,3482.2,48.9,5.582191780821918,FALSE,0.0016030646662517714
AZE,AZ,ore,2018,0,0,0,FALSE,0
AZE,AZ,sol,2018,34.9,39.3,4.486301369863014,FALSE,0.12854731718805198
AZE,AZ,wnd,2018,66,82.7,9.440639269406393,FALSE,0.1430399889303999
BDI,BI,bio,2018,0,0,0,FALSE,0
BDI,BI,coa,2018,0,0,0,FALSE,0
BDI,BI,hyd,2018,48,133.0731,15.190993150684932,FALSE,0.31647902397260275
BDI,BI,nga,2018,0,0,0,FALSE,0
BDI,BI,nuc,2018,0,0,0,FALSE,0
BDI,BI,oil,2018,37,99.0875,11.311358447488585,FALSE,0.30571239047266446
BDI,BI,ore,2018,0,0,0,FALSE,0
BDI,BI,sol,2018,5,0,0,FALSE,0
BDI,BI,wnd,2018,0,0,0,FALSE,0
BEL,BE,bio,2018,1064,6803.6,776.6666666666666,FALSE,0.7299498746867168
BEL,BE,coa,2018,1006.5,2331.2265,266.12174657534246,FALSE,0.264403126254687
BEL,BE,hyd,2018,1423,1301.8493,148.61293378995435,FALSE,0.10443635543918085
BEL,BE,nga,2018,4178,23454.1536,2677.414794520548,FALSE,0.6408364754716487
BEL,BE,nuc,2018,5919,28476.4545,3250.7368150684933,FALSE,0.5492037193898451
BEL,BE,oil,2018,1666.9,164.6,18.789954337899545,FALSE,0.011272394467514274
BEL,BE,ore,2018,1.549566210045662,13.5742,1.549566210045662,TRUE,1
BEL,BE,sol,2018,4254.5,3971.7242,453.39317351598174,FALSE,0.10656791009894975
BEL,BE,wnd,2018,3191,7557.551,862.7341324200913,FALSE,0.2703648174303013
BEN,BJ,bio,2018,3,0,0,FALSE,0
BEN,BJ,coa,2018,0,0,0,FALSE,0
BEN,BJ,hyd,2018,1,1.4762,0.16851598173515983,FALSE,0.16851598173515983
BEN,BJ,nga,2018,100,139.922,15.97283105022831,FALSE,0.1597283105022831
BEN,BJ,nuc,2018,0,0,0,FALSE,0
BEN,BJ,oil,2018,254,201.9492,23.053561643835614,FALSE,0.09076205371588825
BEN,BJ,ore,2018,0,0,0,FALSE,0
BEN,BJ,sol,2018,3,5.34,0.6095890410958904,FALSE,0.20319634703196346
BEN,BJ,wnd,2018,0,0,0,FALSE,0
BFA,BF,bio,2018,10.451678082191782,91.5567,10.451678082191782,TRUE,1
BFA,BF,coa,2018,0,0,0,FALSE,0
BFA,BF,hyd,2018,32,91.447,10.439155251141553,FALSE,0.32622360159817354
BFA,BF,nga,2018,0,0,0,FALSE,0
BFA,BF,nuc,2018,0,0,0,FALSE,0
BFA,BF,oil,2018,292,800.7373,91.40836757990868,FALSE,0.3130423547257147
BFA,BF,ore,2018,0,0,0,FALSE,0
BFA,BF,sol,2018,62,54.092,6.174885844748858,FALSE,0.09959493297982029
BFA,BF,wnd,2018,0,0,0,FALSE,0
BGD,BD,bio,2018,0,0,0,FALSE,0
BGD,BD,coa,2018,524,747.3321,85.31188356164384,FALSE,0.16280893809474015
BGD,BD,hyd,2018,230,895.4323,102.218299086758,FALSE,0.4444273873337304
BGD,BD,nga,2018,10877,68810.0107,7855.024052511416,FALSE,0.7221682497482225
BGD,BD,nuc,2018,0,0,0,FALSE,0
BGD,BD,oil,2018,6540,11667.8377,1331.9449429223744,FALSE,0.2036613062572438
BGD,BD,ore,2018,0,0,0,FALSE,0
BGD,BD,sol,2018,201,199.986,22.82945205479452,FALSE,0.11357936345668915
BGD,BD,wnd,2018,3,4.835,0.5519406392694064,FALSE,0.18398021308980214
BGR,BG,bio,2018,179.26255707762556,1570.34,179.26255707762556,TRUE,1
BGR,BG,coa,2018,4495,18607.7879,2124.176700913242,FALSE,0.4725643383566723
BGR,BG,hyd,2018,3204,5401.2239,616.5780707762558,FALSE,0.19244009699633452
BGR,BG,nga,2018,983.265,1946.8687,222.24528538812785,FALSE,0.22602786165288896
BGR,BG,nuc,2018,1926,16148.5617,1843.4431164383564,FALSE,0.9571355744747437
BGR,BG,oil,2018,74,299.776,34.22100456621005,FALSE,0.46244600765148713
BGR,BG,ore,2018,0,0,0,FALSE,0
BGR,BG,sol,2018,1036,1103.5388,125.9747488584475,FALSE,0.12159724793286437
BGR,BG,wnd,2018,701,1378.2922,157.33929223744295,FALSE,0.2244497749464236
BHR,BH,bio,2018,0,0,0,FALSE,0
BHR,BH,coa,2018,0,0,0,FALSE,0
BHR,BH,hyd,2018,0,0,0,FALSE,0
BHR,BH,nga,2018,6971,29031.4668,3314.0943835616436,FALSE,0.4754116172086707
BHR,BH,nuc,2018,0,0,0,FALSE,0
BHR,BH,oil,2018,0.23607305936073059,2.068,0.23607305936073059,TRUE,1
BHR,BH,ore,2018,0,0,0,FALSE,0
BHR,BH,sol,2018,6,0,0,FALSE,0
BHR,BH,wnd,2018,1,0,0,FALSE,0
BHS,BS,bio,2018,0,0,0,FALSE,0
BHS,BS,coa,2018,0,0,0,FALSE,0
BHS,BS,hyd,2018,0,0,0,FALSE,0
BHS,BS,nga,2018,0,0,0,FALSE,0
BHS,BS,nuc,2018,0,0,0,FALSE,0
BHS,BS,oil,2018,627,1955.5217,223.23307077625572,FALSE,0.35603360570375714
BHS,BS,ore,2018,0,0,0,FALSE,0
BHS,BS,sol,2018,1,0,0,FALSE,0
BHS,BS,wnd,2018,0,0,0,FALSE,0
BIH,BA,bio,2018,0.91324200913242,8,0.91324200913242,TRUE,1
BIH,BA,coa,2018,2065,12443.091,1420.4441780821917,FALSE,0.6878664300640154
BIH,BA,hyd,2018,2184.6,6519,744.1780821917808,FALSE,0.3406472957025455
BIH,BA,nga,2018,2.557317351598174,22.4021,2.557317351598174,TRUE,1
BIH,BA,nuc,2018,0,0,0,FALSE,0
BIH,BA,oil,2018,230,42.507,4.852397260273973,FALSE,0.021097379392495536
BIH,BA,ore,2018,0,0,0,FALSE,0
BIH,BA,sol,2018,18,21,2.3972602739726026,FALSE,0.13318112633181126
BIH,BA,wnd,2018,50.6,104,11.872146118721462,FALSE,0.23462739365062177
BLR,BY,bio,2018,600,272.4265,31.098915525114155,FALSE,0.05183152587519026
BLR,BY,coa,2018,70,25,2.853881278538813,FALSE,0.040769732550554466
BLR,BY,hyd,2018,95.1,324,36.986301369863014,FALSE,0.388920098526425
BLR,BY,nga,2018,7588.3,37824.5735,4317.873687214612,FALSE,0.5690172617338023
BLR,BY,nuc,2018,0,0,0,FALSE,0
BLR,BY,oil,2018,1410,264,30.136986301369863,FALSE,0.021373749149907705
BLR,BY,ore,2018,0,0,0,FALSE,0
BLR,BY,sol,2018,154,118,13.470319634703197,FALSE,0.08746960801755323
BLR,BY,wnd,2018,11.301369863013699,99,11.301369863013699,TRUE,1
BLZ,BZ,bio,2018,44,0,0,FALSE,0
BLZ,BZ,coa,2018,0,0,0,FALSE,0
BLZ,BZ,hyd,2018,54.7,247.611,28.26609589041096,FALSE,0.5167476396784453
BLZ,BZ,nga,2018,0,0,0,FALSE,0
BLZ,BZ,nuc,2018,0,0,0,FALSE,0
BLZ,BZ,oil,2018,24,88.745,10.130707762557078,FALSE,0.42211282343987827
BLZ,BZ,ore,2018,0,0,0,FALSE,0
BLZ,BZ,sol,2018,4,0,0,FALSE,0
BLZ,BZ,wnd,2018,0,0,0,FALSE,0
BMU,BM,bio,2018,0,0,0,FALSE,0
BMU,BM,coa,2018,0,0,0,FALSE,0
BMU,BM,hyd,2018,0,0,0,FALSE,0
BMU,BM,nga,2018,0,0,0,FALSE,0
BMU,BM,nuc,2018,0,0,0,FALSE,0
BMU,BM,oil,2018,170.8,635.2088,72.5124200913242,FALSE,0.4245457850780105
BMU,BM,ore,2018,0,0,0,FALSE,0
BMU,BM,sol,2018,0,0,0,FALSE,0
BMU,BM,wnd,2018,0,0,0,FALSE,0
BOL,BO,bio,2018,39.823173515981736,348.851,39.823173515981736,TRUE,1
BOL,BO,coa,2018,0,0,0,FALSE,0
BOL,BO,hyd,2018,690.23,2610.8264,298.0395433789954,FALSE,0.43179743473768945
BOL,BO,nga,2018,1786.79,6889.0349,786.41950913242,FALSE,0.4401297909281001
BOL,BO,nuc,2018,0,0,0,FALSE,0
BOL,BO,oil,2018,30,211.8735,24.186472602739727,FALSE,0.8062157534246576
BOL,BO,ore,2018,0,0,0,FALSE,0
BOL,BO,sol,2018,70,96.7669,11.046449771689499,FALSE,0.15780642530984998
BOL,BO,wnd,2018,27,84.2331,9.615650684931506,FALSE,0.3561352105530187
BRA,BR,bio,2018,14767,53910.293,6154.14303652968,FALSE,0.41674971466985034
BRA,BR,coa,2018,4652,23285.132,2658.120091324201,FALSE,0.5713929689003011
BRA,BR,hyd,2018,104195,388971.076,44403.09086757991,FALSE,0.4261537585064534
BRA,BR,nga,2018,13143,54621.735,6235.357876712329,FALSE,0.47442424687760243
BRA,BR,nuc,2018,1990,15673.887,1789.256506849315,FALSE,0.8991238727886005
BRA,BR,oil,2018,7998,12525.845,1429.8909817351598,FALSE,0.17878106798389096
BRA,BR,ore,2018,0,0,0,FALSE,0
BRA,BR,sol,2018,2296,3461.434,395.1408675799087,FALSE,0.1720996810017024
BRA,BR,wnd,2018,14403,48475.141,5533.691894977169,FALSE,0.38420411684907096
BRB,BB,bio,2018,0,0,0,FALSE,0
BRB,BB,coa,2018,0,0,0,FALSE,0
BRB,BB,hyd,2018,0,0,0,FALSE,0
BRB,BB,nga,2018,10,33.3075,3.80222602739726,FALSE,0.380222602739726
BRB,BB,nuc,2018,0,0,0,FALSE,0
BRB,BB,oil,2018,239.1,1004.6925,114.69092465753425,FALSE,0.47967764390436746
BRB,BB,ore,2018,0,0,0,FALSE,0
BRB,BB,sol,2018,24,0,0,FALSE,0
BRB,BB,wnd,2018,0,0,0,FALSE,0
BRN,BN,bio,2018,0,0,0,FALSE,0
BRN,BN,coa,2018,0,0,0,FALSE,0
BRN,BN,hyd,2018,0,0,0,FALSE,0
BRN,BN,nga,2018,930.2,4244.9448,484.5827397260274,FALSE,0.5209446782692189
BRN,BN,nuc,2018,0,0,0,FALSE,0
BRN,BN,oil,2018,13.5,47.0802,5.37445205479452,FALSE,0.39810755961440886
BRN,BN,ore,2018,0,0,0,FALSE,0
BRN,BN,sol,2018,1.2,1.545,0.17636986301369864,FALSE,0.14697488584474888
BRN,BN,wnd,2018,0,0,0,FALSE,0
BTN,BT,bio,2018,0,0,0,FALSE,0
BTN,BT,coa,2018,0,0,0,FALSE,0
BTN,BT,hyd,2018,1596.1,6958.64,794.365296803653,FALSE,0.49769143337112526
BTN,BT,nga,2018,0,0,0,FALSE,0
BTN,BT,nuc,2018,0,0,0,FALSE,0
BTN,BT,oil,2018,15.04,0.04,0.0045662100456621,FALSE,3.0360439133391624e-4
BTN,BT,ore,2018,0,0,0,FALSE,0
BTN,BT,sol,2018,0,0,0,FALSE,0
BTN,BT,wnd,2018,0.6,1.13,0.12899543378995434,FALSE,0.21499238964992393
BWA,BW,bio,2018,0,0,0,FALSE,0
BWA,BW,coa,2018,752,2720.9846,310.61468036529675,FALSE,0.4130514366559797
BWA,BW,hyd,2018,0,0,0,FALSE,0
BWA,BW,nga,2018,35,0,0,FALSE,0
BWA,BW,nuc,2018,0,0,0,FALSE,0
BWA,BW,oil,2018,160,7.986,0.9116438356164384,FALSE,0.005697773972602739
BWA,BW,ore,2018,0,0,0,FALSE,0
BWA,BW,sol,2018,3,2,0.228310502283105,FALSE,0.076103500761035
BWA,BW,wnd,2018,0,0,0,FALSE,0
CAF,CF,bio,2018,0,0,0,FALSE,0
CAF,CF,coa,2018,0,0,0,FALSE,0
CAF,CF,hyd,2018,38.75,143.5252,16.384155251141554,FALSE,0.4228169097068788
CAF,CF,nga,2018,0,0,0,FALSE,0
CAF,CF,nuc,2018,0,0,0,FALSE,0
CAF,CF,oil,2018,19,26,2.9680365296803655,FALSE,0.15621244893054556
CAF,CF,ore,2018,0,0,0,FALSE,0
CAF,CF,sol,2018,0,0,0,FALSE,0
CAF,CF,wnd,2018,0,0,0,FALSE,0
CAN,CA,bio,2018,3358,7394.985,844.1763698630137,FALSE,0.2513926056768951
CAN,CA,coa,2018,10706,50820.235,5801.396689497717,FALSE,0.5418827470108085
CAN,CA,hyd,2018,80630,383488.0485,43777.17448630137,FALSE,0.5429390361689367
CAN,CA,nga,2018,15054,67230.8482,7674.754360730592,FALSE,0.5098149568706385
CAN,CA,nuc,2018,13554,100367.0414,11457.424817351599,FALSE,0.8453168671500368
CAN,CA,oil,2018,6018,7340.654,837.974200913242,FALSE,0.13924463292011333
CAN,CA,ore,2018,27.391906392694064,239.9531,27.391906392694064,TRUE,1
CAN,CA,sol,2018,3175,3848.7207,439.35167808219177,FALSE,0.1383784812857297
CAN,CA,wnd,2018,12743,29651.1076,3384.829634703196,FALSE,0.26562266614637026
CHE,CH,bio,2018,361.4779223744292,3166.5466,361.4779223744292,TRUE,1
CHE,CH,coa,2018,117,0,0,FALSE,0
CHE,CH,hyd,2018,17046,37802.28,4315.328767123287,FALSE,0.25315785328659435
CHE,CH,nga,2018,305.5,743.9207,84.92245433789954,FALSE,0.27797857393747805
CHE,CH,nuc,2018,3333,25512.63,2912.400684931507,FALSE,0.8738075862380759
CHE,CH,oil,2018,163.5,26.6978,3.0476940639269405,FALSE,0.01864033066621982
CHE,CH,ore,2018,0,0,0,FALSE,0
CHE,CH,sol,2018,1905.8,1943.9422,221.9112100456621,FALSE,0.11643992551456717
CHE,CH,wnd,2018,75.2,121.6331,13.885057077625572,FALSE,0.18464171645778685
CHL,CL,bio,2018,1500.3275,5891.6104,672.5582648401826,FALSE,0.4482743033372264
CHL,CL,coa,2018,4804.7061,29175.359,3330.5204337899545,FALSE,0.6931788052114061
CHL,CL,hyd,2018,6692.1611,22679.8097,2589.019372146119,FALSE,0.38687343796103757
CHL,CL,nga,2018,4596.2315,12965.3306,1480.0605707762556,FALSE,0.322016106189659
CHL,CL,nuc,2018,0,0,0,FALSE,0
CHL,CL,oil,2018,4541.3083,1409.653,160.91929223744293,FALSE,0.03543456678275794
CHL,CL,ore,2018,24.403424657534245,213.774,24.403424657534245,TRUE,1
CHL,CL,sol,2018,2273.8836,5143.3658,587.1422146118721,FALSE,0.2582112007016859
CHL,CL,wnd,2018,1530.1602,3549.6088,405.2064840182648,FALSE,0.264813111737101
CHN,CN,bio,2018,11871.103310502283,103990.865,11871.103310502283,TRUE,1
CHN,CN,coa,2018,1117607,4774884.286,545078.1148401826,FALSE,0.48771895204681304
CHN,CN,hyd,2018,352590,1225535.2,139901.2785388128,FALSE,0.396781753704906
CHN,CN,nga,2018,46973,201878.7275,23045.516837899544,FALSE,0.49061198641559073
CHN,CN,nuc,2018,44660,294459.09,33614.05136986302,FALSE,0.752665727045746
CHN,CN,oil,2018,15000,9868.982,1126.5961187214612,FALSE,0.07510640791476407
CHN,CN,ore,2018,26,135.909,15.514726027397261,FALSE,0.5967202318229716
CHN,CN,sol,2018,174330,196917.2102,22479.133584474883,FALSE,0.128945870386479
CHN,CN,wnd,2018,184270,357267.4163,40783.951632420096,FALSE,0.22132713752873553
CIV,CI,bio,2018,120,173.2209,19.774075342465753,FALSE,0.1647839611872146
CIV,CI,coa,2018,0,0,0,FALSE,0
CIV,CI,hyd,2018,879,2198.2117,250.93740867579905,FALSE,0.28548055594516386
CIV,CI,nga,2018,1182,7835.6745,894.4833904109589,FALSE,0.7567541374035185
CIV,CI,nuc,2018,0,0,0,FALSE,0
CIV,CI,oil,2018,100,79.377,9.061301369863013,FALSE,0.09061301369863013
CIV,CI,ore,2018,0,0,0,FALSE,0
CIV,CI,sol,2018,8,0,0,FALSE,0
CIV,CI,wnd,2018,0,0,0,FALSE,0
CMR,CM,bio,2018,10,3.107,0.35468036529680363,FALSE,0.035468036529680363
CMR,CM,coa,2018,0,0,0,FALSE,0
CMR,CM,hyd,2018,732,4205.5589,480.08663242009135,FALSE,0.655856055218704
CMR,CM,nga,2018,352,2251.6859,257.0417694063927,FALSE,0.7302322994499792
CMR,CM,nuc,2018,0,0,0,FALSE,0
CMR,CM,oil,2018,368,1860.4796,212.38351598173514,FALSE,0.5771291195155847
CMR,CM,ore,2018,0,0,0,FALSE,0
CMR,CM,sol,2018,14,14,1.5981735159817352,FALSE,0.11415525114155252
CMR,CM,wnd,2018,0,0,0,FALSE,0
COD,CD,bio,2018,2.291267123287671,20.0715,2.291267123287671,TRUE,1
COD,CD,coa,2018,0,0,0,FALSE,0
COD,CD,hyd,2018,2765,10645.7026,1215.2628538812785,FALSE,0.43951640285037197
COD,CD,nga,2018,0.20198630136986304,1.7694,0.20198630136986304,TRUE,1
COD,CD,nuc,2018,0,0,0,FALSE,0
COD,CD,oil,2018,160,5.8587,0.6688013698630136,FALSE,0.004180008561643835
COD,CD,ore,2018,0,0,0,FALSE,0
COD,CD,sol,2018,19,0,0,FALSE,0
COD,CD,wnd,2018,0,0,0,FALSE,0
COG,CG,bio,2018,0,0,0,FALSE,0
COG,CG,coa,2018,0,0,0,FALSE,0
COG,CG,hyd,2018,214,1234.6927,140.94665525114155,FALSE,0.6586292301455212
COG,CG,nga,2018,350,2154.975,246.00171232876713,FALSE,0.702862035225049
COG,CG,nuc,2018,0,0,0,FALSE,0
COG,CG,oil,2018,36,88.6822,10.123538812785387,FALSE,0.2812094114662608
COG,CG,ore,2018,0,0,0,FALSE,0
COG,CG,sol,2018,65.75342465753425,576,65.75342465753425,TRUE,1
COG,CG,wnd,2018,0,0,0,FALSE,0
COL,CO,bio,2018,450,1454.1136,165.99470319634702,FALSE,0.36887711821410446
COL,CO,coa,2018,1657,4460.3274,509.169794520548,FALSE,0.30728412463521304
COL,CO,hyd,2018,11877.6,60705.8187,6929.887979452055,FALSE,0.583441771018729
COL,CO,nga,2018,1797.4,12714.8863,1451.4710388127855,FALSE,0.8075392449164268
COL,CO,nuc,2018,0,0,0,FALSE,0
COL,CO,oil,2018,1548,2419.6701,276.21804794520546,FALSE,0.1784354314891508
COL,CO,ore,2018,0,0,0,FALSE,0
COL,CO,sol,2018,84.9,10.8208,1.2352511415525116,FALSE,0.014549483410512503
COL,CO,wnd,2018,18.4,43.4314,4.957922374429223,FALSE,0.26945230295810996
COM,KM,bio,2018,0,0,0,FALSE,0
COM,KM,coa,2018,0,0,0,FALSE,0
COM,KM,hyd,2018,1,5,0.5707762557077626,FALSE,0.5707762557077626
COM,KM,nga,2018,0,0,0,FALSE,0
COM,KM,nuc,2018,0,0,0,FALSE,0
COM,KM,oil,2018,26,86.5,9.874429223744292,FALSE,0.37978573937478044
COM,KM,ore,2018,0,0,0,FALSE,0
COM,KM,sol,2018,0,0,0,FALSE,0
COM,KM,wnd,2018,0,0,0,FALSE,0
CPV,CV,bio,2018,0,0,0,FALSE,0
CPV,CV,coa,2018,0,0,0,FALSE,0
CPV,CV,hyd,2018,0,0,0,FALSE,0
CPV,CV,nga,2018,0,0,0,FALSE,0
CPV,CV,nuc,2018,0,0,0,FALSE,0
CPV,CV,oil,2018,125.064,340.2681,38.843390410958904,FALSE,0.3105881021793554
CPV,CV,ore,2018,0,0,0,FALSE,0
CPV,CV,sol,2018,6.8,9.0537,1.0335273972602739,FALSE,0.15198932312651087
CPV,CV,wnd,2018,27,80.2312,9.158812785388127,FALSE,0.3392152883477084
CRI,CR,bio,2018,56.7,161.6369,18.451700913242007,FALSE,0.3254268238667021
CRI,CR,coa,2018,0,0,0,FALSE,0
CRI,CR,hyd,2018,2373,8406.7744,959.6774429223744,FALSE,0.4044152730393487
CRI,CR,nga,2018,0,0,0,FALSE,0
CRI,CR,nuc,2018,0,0,0,FALSE,0
CRI,CR,oil,2018,571.7,146.4393,16.71681506849315,FALSE,0.029240537114733515
CRI,CR,ore,2018,206.9,968.5717,110.56754566210046,FALSE,0.534400897351863
CRI,CR,sol,2018,5.4,16.3112,1.8620091324200911,FALSE,0.34481650600372055
CRI,CR,wnd,2018,477.8,1798.8686,205.35029680365298,FALSE,0.42978295689337165
CUB,CU,bio,2018,200,647.9785,73.97014840182648,FALSE,0.36985074200913237
CUB,CU,coa,2018,0,0,0,FALSE,0
CUB,CU,hyd,2018,64,145.5,16.60958904109589,FALSE,0.2595248287671233
CUB,CU,nga,2018,580,2637.2,301.0502283105023,FALSE,0.5190521177767281
CUB,CU,nuc,2018,0,0,0,FALSE,0
CUB,CU,oil,2018,5678,17235.5541,1967.5290068493152,FALSE,0.3465179652781464
CUB,CU,ore,2018,0,0,0,FALSE,0
CUB,CU,sol,2018,96,149.7674,17.096735159817353,FALSE,0.17809099124809744
CUB,CU,wnd,2018,12,21,2.3972602739726026,FALSE,0.19977168949771687
CYP,CY,bio,2018,10,57.201,6.529794520547945,FALSE,0.6529794520547945
CYP,CY,coa,2018,0,0,0,FALSE,0
CYP,CY,hyd,2018,0,0,0,FALSE,0
CYP,CY,nga,2018,0,0,0,FALSE,0
CYP,CY,nuc,2018,0,0,0,FALSE,0
CYP,CY,oil,2018,1508,4583.138,523.1892694063927,FALSE,0.34694248634376174
CYP,CY,ore,2018,0,0,0,FALSE,0
CYP,CY,sol,2018,113.1,191.83,21.89840182648402,FALSE,0.19361982163115846
CYP,CY,wnd,2018,157.5,220.611,25.18390410958904,FALSE,0.1598978038704066
CZE,CZ,bio,2018,832,4909.0981,560.3993264840183,FALSE,0.6735568827932912
CZE,CZ,coa,2018,10598.8,41901.0382,4783.223538812786,FALSE,0.45129859406845924
CZE,CZ,hyd,2018,2264.2,2679.3282,305.8593835616438,FALSE,0.1350849675654288
CZE,CZ,nga,2018,1796,3690.7415,421.3175228310502,FALSE,0.2345865940039255
CZE,CZ,nuc,2018,3930,29921.3,3415.6735159817354,FALSE,0.8691281211149454
CZE,CZ,oil,2018,123,74.6106,8.517191780821918,FALSE,0.06924546163269851
CZE,CZ,ore,2018,10.088584474885845,88.376,10.088584474885845,TRUE,1
CZE,CZ,sol,2018,2056.8,2339.6648,267.0850228310502,FALSE,0.12985463964947985
CZE,CZ,wnd,2018,316.2,609.3392,69.55926940639269,FALSE,0.2199850392359035
DEU,DE,bio,2018,10961,59247.4118,6763.403173515982,FALSE,0.6170425301994328
DEU,DE,coa,2018,51848.5,239169.4425,27302.447773972603,FALSE,0.5265812467857817
DEU,DE,hyd,2018,11120,23366.7919,2667.441997716895,FALSE,0.23987787749252654
DEU,DE,nga,2018,26914.975,84347.5087,9628.711038812786,FALSE,0.3577454944250473
DEU,DE,nuc,2018,10799,76004.3574,8676.296506849314,FALSE,0.8034351798175122
DEU,DE,oil,2018,2878.625,5173.0714,590.5332648401826,FALSE,0.20514421463031224
DEU,DE,ore,2018,208.77979452054794,1828.911,208.77979452054794,TRUE,1
DEU,DE,sol,2018,45277,46201.1726,5274.106461187214,FALSE,0.11648533386017657
DEU,DE,wnd,2018,58908,111596.5126,12739.32792237443,FALSE,0.21625802815193912
DJI,DJ,bio,2018,0,0,0,FALSE,0
DJI,DJ,coa,2018,0,0,0,FALSE,0
DJI,DJ,hyd,2018,0,0,0,FALSE,0
DJI,DJ,nga,2018,0,0,0,FALSE,0
DJI,DJ,nuc,2018,0,0,0,FALSE,0
DJI,DJ,oil,2018,130,72.658,8.294292237442923,FALSE,0.06380224798033017
DJI,DJ,ore,2018,0,0,0,FALSE,0
DJI,DJ,sol,2018,0,0,0,FALSE,0
DJI,DJ,wnd,2018,0,0,0,FALSE,0
DMA,DM,bio,2018,0,0,0,FALSE,0
DMA,DM,coa,2018,0,0,0,FALSE,0
DMA,DM,hyd,2018,6.64,24.18,2.76027397260274,FALSE,0.4157039115365572
DMA,DM,nga,2018,0,0,0,FALSE,0
DMA,DM,nuc,2018,0,0,0,FALSE,0
DMA,DM,oil,2018,20.1,41.231,4.7067351598173515,FALSE,0.23416592834912195
DMA,DM,ore,2018,0,0,0,FALSE,0
DMA,DM,sol,2018,1,0,0,FALSE,0
DMA,DM,wnd,2018,0,0,0,FALSE,0
DNK,DK,bio,2018,2063.511,7479.8681,853.8662214611871,FALSE,0.4137929099777937
DNK,DK,coa,2018,3063.57,6290.5485,718.0991438356165,FALSE,0.23439945678917617
DNK,DK,hyd,2018,9,16.6939,1.9056963470319632,FALSE,0.21174403855910703
DNK,DK,nga,2018,3437,1865.046,212.90479452054794,FALSE,0.061944950398762855
DNK,DK,nuc,2018,0,0,0,FALSE,0
DNK,DK,oil,2018,1171,257.35,29.377853881278543,FALSE,0.025087834228248115
DNK,DK,ore,2018,0,0,0,FALSE,0
DNK,DK,sol,2018,1002,952.973,108.78687214611872,FALSE,0.10856973268075722
DNK,DK,wnd,2018,6131,13902.4067,1587.0327283105023,FALSE,0.2588538131317081
DOM,DO,bio,2018,23.23115296803653,203.5049,23.23115296803653,TRUE,1
DOM,DO,coa,2018,433.6,2287.559,261.1368721461187,FALSE,0.6022529339163254
DOM,DO,hyd,2018,628.7,1779.516,203.14109589041095,FALSE,0.3231129249091951
DOM,DO,nga,2018,1606.5,4462.6875,509.4392123287671,FALSE,0.31711124327965584
DOM,DO,nuc,2018,0,0,0,FALSE,0
DOM,DO,oil,2018,1760.05,10201.0089,1164.4987328767124,FALSE,0.6616282110603179
DOM,DO,ore,2018,0,0,0,FALSE,0
DOM,DO,sol,2018,166,219.9007,25.1028196347032,FALSE,0.15122180502833252
DOM,DO,wnd,2018,97.8,497.48,56.789954337899545,FALSE,0.5806743797331242
DZA,DZ,bio,2018,0,0,0,FALSE,0
DZA,DZ,coa,2018,0,0,0,FALSE,0
DZA,DZ,hyd,2018,276,112,12.785388127853881,FALSE,0.046323870028456095
DZA,DZ,nga,2018,20041.5,83357.0861,9515.649098173515,FALSE,0.4747972506136524
DZA,DZ,nuc,2018,0,0,0,FALSE,0
DZA,DZ,oil,2018,690.5,340.5595,38.87665525114155,FALSE,0.05630217994372418
DZA,DZ,ore,2018,0,0,0,FALSE,0
DZA,DZ,sol,2018,435,666.75,76.11301369863014,FALSE,0.17497244528420722
DZA,DZ,wnd,2018,10,4.25,0.4851598173515982,FALSE,0.04851598173515982
ECU,EC,bio,2018,151.56,428.1,48.86986301369863,FALSE,0.32244565197742564
ECU,EC,coa,2018,0,0,0,FALSE,0
ECU,EC,hyd,2018,5066.4,20678.0618,2360.5093378995434,FALSE,0.4659145227182109
ECU,EC,nga,2018,677,2521.8266,287.8797488584475,FALSE,0.42522858029312777
ECU,EC,nuc,2018,0,0,0,FALSE,0
ECU,EC,oil,2018,2718.15,6845.5089,781.4507876712328,FALSE,0.28749362164385067
ECU,EC,ore,2018,0,0,0,FALSE,0
ECU,EC,sol,2018,27.63,38.08,4.34703196347032,FALSE,0.1573301470673297
ECU,EC,wnd,2018,21.15,80.26,9.162100456621005,FALSE,0.4331962390837355
EGY,EG,bio,2018,0,0,0,FALSE,0
EGY,EG,coa,2018,0,0,0,FALSE,0
EGY,EG,hyd,2018,2832,13641.2918,1557.225091324201,FALSE,0.5498676169930088
EGY,EG,nga,2018,46598,153802.6066,17557.3751826484,FALSE,0.3767838787640757
EGY,EG,nuc,2018,0,0,0,FALSE,0
EGY,EG,oil,2018,4926,22903.4206,2614.5457305936075,FALSE,0.5307644601286251
EGY,EG,ore,2018,0,0,0,FALSE,0
EGY,EG,sol,2018,771,526.9581,60.15503424657534,FALSE,0.07802209370502639
EGY,EG,wnd,2018,1125,3333.8212,380.5731963470319,FALSE,0.33828728564180616
ERI,ER,bio,2018,0,0,0,FALSE,0
ERI,ER,coa,2018,0,0,0,FALSE,0
ERI,ER,hyd,2018,0,0,0,FALSE,0
ERI,ER,nga,2018,0,0,0,FALSE,0
ERI,ER,nuc,2018,0,0,0,FALSE,0
ERI,ER,oil,2018,159,446.7625,51.00028538812786,FALSE,0.32075651187501797
ERI,ER,ore,2018,0,0,0,FALSE,0
ERI,ER,sol,2018,10,2.1,0.23972602739726026,FALSE,0.023972602739726026
ERI,ER,wnd,2018,1,0,0,FALSE,0
ESP,ES,bio,2018,1455,6628.9077,756.7246232876713,FALSE,0.520085651744104
ESP,ES,coa,2018,10374.285,37073.7633,4232.164760273972,FALSE,0.4079476089459632
ESP,ES,hyd,2018,20386.6512,38958.5453,4447.32252283105,FALSE,0.21814875229881062
ESP,ES,nga,2018,32486.06,57928.3815,6612.828938356164,FALSE,0.20355897078181115
ESP,ES,nuc,2018,7121,55592.6236,6346.189908675799,FALSE,0.8911936397522539
ESP,ES,oil,2018,4224.03,14441,1648.5159817351598,FALSE,0.39027089810800586
ESP,ES,ore,2018,15.753424657534246,138,15.753424657534246,TRUE,1
ESP,ES,sol,2018,7015.6479,12736.7943,1453.9719520547944,FALSE,0.20724699596950902
ESP,ES,wnd,2018,23545.3905,50844.6556,5804.184429223745,FALSE,0.2465104339307409
EST,EE,bio,2018,386,1072.7011,122.45446347031965,FALSE,0.3172395426692219
EST,EE,coa,2018,1090.0113584474886,9548.4995,1090.0113584474886,TRUE,1
EST,EE,hyd,2018,7,15,1.7123287671232876,FALSE,0.2446183953033268
EST,EE,nga,2018,867.5,63.6655,7.267751141552512,FALSE,0.00837781111418157
EST,EE,nuc,2018,0,0,0,FALSE,0
EST,EE,oil,2018,615,94.2857,10.763207762557078,FALSE,0.017501150833426144
EST,EE,ore,2018,0,0,0,FALSE,0
EST,EE,sol,2018,10.1,0,0,FALSE,0
EST,EE,wnd,2018,311,636,72.6027397260274,FALSE,0.2334493238779016
ETH,ET,bio,2018,300,0,0,FALSE,0
ETH,ET,coa,2018,0,0,0,FALSE,0
ETH,ET,hyd,2018,3817,14791.4163,1688.5178424657536,FALSE,0.4423677868655367
ETH,ET,nga,2018,0,0,0,FALSE,0
ETH,ET,nuc,2018,0,0,0,FALSE,0
ETH,ET,oil,2018,152.3,4.408,0.5031963470319635,FALSE,0.0033039812674455905
ETH,ET,ore,2018,7.3,0,0,FALSE,0
ETH,ET,sol,2018,12.366312785388129,108.3289,12.366312785388129,TRUE,1
ETH,ET,wnd,2018,324,575.4583,65.69158675799088,FALSE,0.2027518109814533
FIN,FI,bio,2018,1848.8,13257.3034,1513.390799086758,FALSE,0.8185800514316087
FIN,FI,coa,2018,4126.8857,9944.215,1135.1843607305937,FALSE,0.2750704631171621
FIN,FI,hyd,2018,3274,13290.5737,1517.1887785388128,FALSE,0.46340524695748714
FIN,FI,nga,2018,2352,4176,476.71232876712327,FALSE,0.20268381325132792
FIN,FI,nuc,2018,2779,22805.1846,2603.331575342466,FALSE,0.9367871807637517
FIN,FI,oil,2018,1860.1143,203.8226,23.2674200913242,FALSE,0.012508596967038101
FIN,FI,ore,2018,11.073059360730594,97,11.073059360730594,TRUE,1
FIN,FI,sol,2018,125,162.3823,18.53679223744292,FALSE,0.14829433789954335
FIN,FI,wnd,2018,2041,5856.7557,668.5794178082191,FALSE,0.3275744330270549
FJI,FJ,bio,2018,9.3,0,0,FALSE,0
FJI,FJ,coa,2018,0,0,0,FALSE,0
FJI,FJ,hyd,2018,130,566.709,64.69280821917808,FALSE,0.4976369863013698
FJI,FJ,nga,2018,0,0,0,FALSE,0
FJI,FJ,nuc,2018,0,0,0,FALSE,0
FJI,FJ,oil,2018,165,451.0771,51.492819634703196,FALSE,0.31207769475577696
FJI,FJ,ore,2018,0,0,0,FALSE,0
FJI,FJ,sol,2018,9,12.602,1.4385844748858447,FALSE,0.15984271943176054
FJI,FJ,wnd,2018,10,2.558,0.2920091324200913,FALSE,0.02920091324200913
FRA,FR,bio,2018,2047,10718.2774,1223.5476484018266,FALSE,0.5977272341972772
FRA,FR,coa,2018,2997,10544.0942,1203.6637214611872,FALSE,0.4016228633504128
FRA,FR,hyd,2018,25536,70555.5043,8054.281312785388,FALSE,0.3154088859956684
FRA,FR,nga,2018,12146.2,30538.2224,3486.0984474885845,FALSE,0.28701144781813115
FRA,FR,nuc,2018,63130,412941.812,47139.47625570776,FALSE,0.7467048353509863
FRA,FR,oil,2018,3497.6,6353.9844,725.3406849315069,FALSE,0.20738240076952966
FRA,FR,ore,2018,234,1239.4607,141.4909474885845,FALSE,0.6046621687546346
FRA,FR,sol,2018,8545,10555.4611,1204.9613127853881,FALSE,0.14101361179466215
FRA,FR,wnd,2018,15134,28716.7774,3278.1709360730592,FALSE,0.2166096825738773
GAB,GA,bio,2018,4,10.5206,1.2009817351598173,FALSE,0.30024543378995433
GAB,GA,coa,2018,0,0,0,FALSE,0
GAB,GA,hyd,2018,331,844.725,96.42979452054794,FALSE,0.29132868435210857
GAB,GA,nga,2018,207.83,1213.4527,138.52199771689496,FALSE,0.6665158914348023
GAB,GA,nuc,2018,0,0,0,FALSE,0
GAB,GA,oil,2018,233.17,216.5938,24.725319634703194,FALSE,0.10603988349574643
GAB,GA,ore,2018,0,0,0,FALSE,0
GAB,GA,sol,2018,1,2,0.228310502283105,FALSE,0.228310502283105
GAB,GA,wnd,2018,0,0,0,FALSE,0
GBR,GB,bio,2018,7429,39400.6771,4497.794189497717,FALSE,0.6054373656612891
GBR,GB,coa,2018,14494,17375.4727,1983.5014497716895,FALSE,0.13684983094878497
GBR,GB,hyd,2018,4367,7868.3344,898.2116894977169,FALSE,0.205681632584776
GBR,GB,nga,2018,33233,131730.6093,15037.740787671235,FALSE,0.45249423126624844
GBR,GB,nuc,2018,8923,65386.0615,7464.162271689498,FALSE,0.8365081555182672
GBR,GB,oil,2018,2528,1042.0733,118.9581392694064,FALSE,0.04705622597682215
GBR,GB,ore,2018,20,9.2993,1.0615639269406394,FALSE,0.05307819634703197
GBR,GB,sol,2018,13054,12912.7176,1474.0545205479452,FALSE,0.11291975797057953
GBR,GB,wnd,2018,22395,57328.8536,6544.389680365297,FALSE,0.292225482490078
GEO,GE,bio,2018,0,0,0,FALSE,0
GEO,GE,coa,2018,272,13.9724,1.5950228310502284,FALSE,0.005864054525919957
GEO,GE,hyd,2018,3285.29,9949.4,1135.7762557077626,FALSE,0.3457156767614922
GEO,GE,nga,2018,652.4,2100.9276,239.8319178082192,FALSE,0.36761483416342616
GEO,GE,nuc,2018,0,0,0,FALSE,0
GEO,GE,oil,2018,0,0,0,FALSE,0
GEO,GE,ore,2018,0,0,0,FALSE,0
GEO,GE,sol,2018,0,0,0,FALSE,0
GEO,GE,wnd,2018,21,84.3,9.623287671232877,FALSE,0.4582517938682322
GHA,GH,bio,2018,0.0091324200913242,0.08,0.0091324200913242,TRUE,1
GHA,GH,coa,2018,0,0,0,FALSE,0
GHA,GH,hyd,2018,1580,6017,686.8721461187215,FALSE,0.4347292064042541
GHA,GH,nga,2018,1406.6667,8450.5317,964.6725684931506,FALSE,0.6857861698817144
GHA,GH,nuc,2018,0,0,0,FALSE,0
GHA,GH,oil,2018,1859.3333,1746.6356,199.38762557077627,FALSE,0.10723608595122577
GHA,GH,ore,2018,0,0,0,FALSE,0
GHA,GH,sol,2018,63,33,3.767123287671233,FALSE,0.05979560774081322
GHA,GH,wnd,2018,0,0,0,FALSE,0
GIN,GN,bio,2018,0,0,0,FALSE,0
GIN,GN,coa,2018,0,0,0,FALSE,0
GIN,GN,hyd,2018,388.1,1181.5,134.8744292237443,FALSE,0.3475249400251077
GIN,GN,nga,2018,0,0,0,FALSE,0
GIN,GN,nuc,2018,0,0,0,FALSE,0
GIN,GN,oil,2018,332,1995.4,227.78538812785388,FALSE,0.6861005666501623
GIN,GN,ore,2018,0,0,0,FALSE,0
GIN,GN,sol,2018,13,0,0,FALSE,0
GIN,GN,wnd,2018,0,0,0,FALSE,0
GMB,GM,bio,2018,0,0,0,FALSE,0
GMB,GM,coa,2018,0,0,0,FALSE,0
GMB,GM,hyd,2018,0,0,0,FALSE,0
GMB,GM,nga,2018,0,0,0,FALSE,0
GMB,GM,nuc,2018,0,0,0,FALSE,0
GMB,GM,oil,2018,72.71,273.348,31.204109589041096,FALSE,0.4291584319769096
GMB,GM,ore,2018,0,0,0,FALSE,0
GMB,GM,sol,2018,2,0,0,FALSE,0
GMB,GM,wnd,2018,0.9,0,0,FALSE,0
GNB,GW,bio,2018,0,0,0,FALSE,0
GNB,GW,coa,2018,0,0,0,FALSE,0
GNB,GW,hyd,2018,0,0,0,FALSE,0
GNB,GW,nga,2018,0,0,0,FALSE,0
GNB,GW,nuc,2018,0,0,0,FALSE,0
GNB,GW,oil,2018,28,38.7444,4.422876712328767,FALSE,0.15795988258317026
GNB,GW,ore,2018,0,0,0,FALSE,0
GNB,GW,sol,2018,1,0,0,FALSE,0
GNB,GW,wnd,2018,0,0,0,FALSE,0
GNQ,GQ,bio,2018,0,0,0,FALSE,0
GNQ,GQ,coa,2018,0,0,0,FALSE,0
GNQ,GQ,hyd,2018,125,583.063,66.55970319634703,FALSE,0.5324776255707763
GNQ,GQ,nga,2018,154.2,1114.9034,127.27207762557076,FALSE,0.8253701532138182
GNQ,GQ,nuc,2018,0,0,0,FALSE,0
GNQ,GQ,oil,2018,55.2,8.557,0.9768264840182649,FALSE,0.017696131956852625
GNQ,GQ,ore,2018,0,0,0,FALSE,0
GNQ,GQ,sol,2018,0,0,0,FALSE,0
GNQ,GQ,wnd,2018,0,0,0,FALSE,0
GRC,GR,bio,2018,105,324.79,37.07648401826484,FALSE,0.3531093716025223
GRC,GR,coa,2018,3654,17906.877,2044.1640410958903,FALSE,0.5594318667476438
GRC,GR,hyd,2018,3392,5814.296,663.7324200913242,FALSE,0.19567583139484795
GRC,GR,nga,2018,3930,13649,1558.1050228310503,FALSE,0.39646438239975834
GRC,GR,nuc,2018,0,0,0,FALSE,0
GRC,GR,oil,2018,2516,4788.07,546.5833333333334,FALSE,0.21724297827239006
GRC,GR,ore,2018,0,0,0,FALSE,0
GRC,GR,sol,2018,2651.6,3792.036,432.8808219178082,FALSE,0.1632526858944819
GRC,GR,wnd,2018,2844,6300.26,719.2077625570777,FALSE,0.25288599246029453
GRD,GD,bio,2018,0,0,0,FALSE,0
GRD,GD,coa,2018,0,0,0,FALSE,0
GRD,GD,hyd,2018,0,0,0,FALSE,0
GRD,GD,nga,2018,0,0,0,FALSE,0
GRD,GD,nuc,2018,0,0,0,FALSE,0
GRD,GD,oil,2018,50.87,229.2,26.164383561643834,FALSE,0.514338186782855
GRD,GD,ore,2018,0,0,0,FALSE,0
GRD,GD,sol,2018,2,0,0,FALSE,0
GRD,GD,wnd,2018,0,0,0,FALSE,0
GTM,GT,bio,2018,556.0455,2394.2037,273.31092465753426,FALSE,0.4915261874388594
GTM,GT,coa,2018,770.0745,5070.8234,578.8611187214613,FALSE,0.7516949577235207
GTM,GT,hyd,2018,1499.1,5311.3357,606.3168607305935,FALSE,0.4044539128347632
GTM,GT,nga,2018,0,0,0,FALSE,0
GTM,GT,nuc,2018,0,0,0,FALSE,0
GTM,GT,oil,2018,999.48,523.3644,59.74479452054795,FALSE,0.059775877977096034
GTM,GT,ore,2018,49.2,296.4825,33.845034246575345,FALSE,0.6879072001336451
GTM,GT,sol,2018,92.5,208.8355,23.83966894977169,FALSE,0.2577261508083426
GTM,GT,wnd,2018,107.4,319.5,36.47260273972603,FALSE,0.33959592867528887
GUY,GY,bio,2018,0,0,0,FALSE,0
GUY,GY,coa,2018,0,0,0,FALSE,0
GUY,GY,hyd,2018,0,0,0,FALSE,0
GUY,GY,nga,2018,0,0,0,FALSE,0
GUY,GY,nuc,2018,0,0,0,FALSE,0
GUY,GY,oil,2018,340,1136.2,129.70319634703196,FALSE,0.38147998925597637
GUY,GY,ore,2018,0,0,0,FALSE,0
GUY,GY,sol,2018,4,0,0,FALSE,0
GUY,GY,wnd,2018,0,0,0,FALSE,0
HKG,HK,bio,2018,18.936860730593608,165.8869,18.936860730593608,TRUE,1
HKG,HK,coa,2018,6663,23834.2544,2720.805296803653,FALSE,0.4083453844820131
HKG,HK,hyd,2018,0,0,0,FALSE,0
HKG,HK,nga,2018,3755,12167.9035,1389.0300799086758,FALSE,0.36991480157354883
HKG,HK,nuc,2018,0,0,0,FALSE,0
HKG,HK,oil,2018,300,397.0503,45.32537671232877,FALSE,0.1510845890410959
HKG,HK,ore,2018,0,0,0,FALSE,0
HKG,HK,sol,2018,0.0976027397260274,0.855,0.0976027397260274,TRUE,1
HKG,HK,wnd,2018,0.21689497716894976,1.9,0.21689497716894976,TRUE,1
HND,HN,bio,2018,105.5,538.84,61.51141552511415,FALSE,0.5830465926551105
HND,HN,coa,2018,60.71488584474886,531.8624,60.71488584474886,TRUE,1
HND,HN,hyd,2018,705.9,3282.4371,374.70743150684933,FALSE,0.5308222574116013
HND,HN,nga,2018,72.5,0,0,FALSE,0
HND,HN,nuc,2018,0,0,0,FALSE,0
HND,HN,oil,2018,987.8,2939.8569,335.6001027397261,FALSE,0.3397449916377061
HND,HN,ore,2018,35,297.1177,33.91754566210046,FALSE,0.9690727332028702
HND,HN,sol,2018,510.8,992.78,113.3310502283105,FALSE,0.22186971462081148
HND,HN,wnd,2018,225,928.7,106.01598173515981,FALSE,0.4711821410451547
HRV,HR,bio,2018,79.33847031963471,695.005,79.33847031963471,TRUE,1
HRV,HR,coa,2018,297,1254.7082,143.2315296803653,FALSE,0.48226104269483266
HRV,HR,hyd,2018,2116.3,7783.8928,888.5722374429223,FALSE,0.4198706409502066
HRV,HR,nga,2018,1080.525,2479.9576,283.1001826484018,FALSE,0.2620024364530222
HRV,HR,nuc,2018,0,0,0,FALSE,0
HRV,HR,oil,2018,668.175,64.566,7.370547945205479,FALSE,0.011030864586680855
HRV,HR,ore,2018,10,2.012,0.22968036529680366,FALSE,0.022968036529680366
HRV,HR,sol,2018,61,73.2347,8.360125570776255,FALSE,0.1370512388651845
HRV,HR,wnd,2018,586.3,1375.8556,157.06114155251143,FALSE,0.26788528322106675
HTI,HT,bio,2018,96,0,0,FALSE,0
HTI,HT,coa,2018,0,0,0,FALSE,0
HTI,HT,hyd,2018,61,129.2316,14.752465753424657,FALSE,0.24184370087581405
HTI,HT,nga,2018,0,0,0,FALSE,0
HTI,HT,nuc,2018,0,0,0,FALSE,0
HTI,HT,oil,2018,194,941.597,107.48824200913242,FALSE,0.5540631031398578
HTI,HT,ore,2018,0,0,0,FALSE,0
HTI,HT,sol,2018,3,0.828,0.09452054794520548,FALSE,0.031506849315068496
HTI,HT,wnd,2018,0,0,0,FALSE,0
HUN,HU,bio,2018,501,2485,283.675799086758,FALSE,0.5662191598538083
HUN,HU,coa,2018,1105.5,4802,548.1735159817351,FALSE,0.4958602586899459
HUN,HU,hyd,2018,57,222,25.34246575342466,FALSE,0.4446046623407835
HUN,HU,nga,2018,4147.5,7227,825,FALSE,0.19891500904159132
HUN,HU,nuc,2018,1889,15733,1796.0045662100456,FALSE,0.9507700191688966
HUN,HU,oil,2018,441,71,8.105022831050228,FALSE,0.018378736578345187
HUN,HU,ore,2018,17.23744292237443,151,17.23744292237443,TRUE,1
HUN,HU,sol,2018,726,607,69.29223744292237,FALSE,0.0954438532271658
HUN,HU,wnd,2018,329,607,69.29223744292237,FALSE,0.2106147034739282
IDN,ID,bio,2018,198.02,874.7269,99.85466894977169,FALSE,0.5042655739307731
IDN,ID,coa,2018,31587,159485.743,18206.1350456621,FALSE,0.5763806327179568
IDN,ID,hyd,2018,4797.8,16827.0278,1920.893584474886,FALSE,0.40036966619594105
IDN,ID,nga,2018,17321.6,57001.1412,6506.979589041095,FALSE,0.3756569594633923
IDN,ID,nuc,2018,0,0,0,FALSE,0
IDN,ID,oil,2018,6235.66,19030.4441,2172.4251255707763,FALSE,0.34838736005022347
IDN,ID,ore,2018,1948.3,14018.9667,1600.3386643835618,FALSE,0.8214025891205471
IDN,ID,sol,2018,24.42,19.99,2.2819634703196345,FALSE,0.09344649755608658
IDN,ID,wnd,2018,143,187.98,21.458904109589042,FALSE,0.15006226650062268
IND,IN,bio,2018,9213.3,45382,5180.593607305936,FALSE,0.5622951176349339
IND,IN,coa,2018,226901.5,1176807.298,134338.7326484018,FALSE,0.5920574903577183
IND,IN,hyd,2018,49916.67,149962.4825,17119.004851598173,FALSE,0.34295166026896773
IND,IN,nga,2018,28437.22,71713.9642,8186.525593607306,FALSE,0.2878806575891492
IND,IN,nuc,2018,6780,37813,4316.552511415525,FALSE,0.6366596624506674
IND,IN,oil,2018,4137.63,25109.8346,2866.4194748858445,FALSE,0.6927684386679922
IND,IN,ore,2018,0,0,0,FALSE,0
IND,IN,sol,2018,25212.26,39516.9255,4511.0645547945205,FALSE,0.1789234505274228
IND,IN,wnd,2018,35138.15,60145.4097,6865.914349315068,FALSE,0.19539771869933584
IRL,IE,bio,2018,140,1123.9697,128.30704337899544,FALSE,0.9164788812785389
IRL,IE,coa,2018,1205,4249.942,485.15319634703195,FALSE,0.40261676045396844
IRL,IE,hyd,2018,529,931.6584,106.35369863013699,FALSE,0.20104668928192249
IRL,IE,nga,2018,4363.7,16072.9462,1834.8112100456622,FALSE,0.4204714370936733
IRL,IE,nuc,2018,0,0,0,FALSE,0
IRL,IE,oil,2018,923,144.9517,16.546997716894975,FALSE,0.017927408143981555
IRL,IE,ore,2018,0,0,0,FALSE,0
IRL,IE,sol,2018,29,16.6551,1.9012671232876714,FALSE,0.06556093528578177
IRL,IE,wnd,2018,3564,8640.5853,986.3681849315069,FALSE,0.276758749980782
IRN,IR,bio,2018,12,24.8115,2.83236301369863,FALSE,0.23603025114155252
IRN,IR,coa,2018,71.51392694063927,626.462,71.51392694063927,TRUE,1
IRN,IR,hyd,2018,11724,15983,1824.5433789954338,FALSE,0.1556246484984164
IRN,IR,nga,2018,50749.7664,256373.9999,29266.438344748858,FALSE,0.5766812425120612
IRN,IR,nuc,2018,915,7435.6619,848.8198515981736,FALSE,0.9276719689597526
IRN,IR,oil,2018,14512.2336,29837.0827,3406.0596689497715,FALSE,0.2347026490084732
IRN,IR,ore,2018,0,0,0,FALSE,0
IRN,IR,sol,2018,286,241.9602,27.62102739726027,FALSE,0.09657701887153941
IRN,IR,wnd,2018,282,422.3156,48.20954337899544,FALSE,0.17095582758509023
IRQ,IQ,bio,2018,0,0,0,FALSE,0
IRQ,IQ,coa,2018,0,0,0,FALSE,0
IRQ,IQ,hyd,2018,2513,1442.5356,164.67301369863011,FALSE,0.06552845750044971
IRQ,IQ,nga,2018,20062,54177.6968,6184.668584474885,FALSE,0.3082777681425025
IRQ,IQ,nuc,2018,0,0,0,FALSE,0
IRQ,IQ,oil,2018,11713,47547.3277,5427.777134703197,FALSE,0.4633976892942198
IRQ,IQ,ore,2018,0,0,0,FALSE,0
IRQ,IQ,sol,2018,37,0,0,FALSE,0
IRQ,IQ,wnd,2018,0,0,0,FALSE,0
ISL,IS,bio,2018,0,0,0,FALSE,0
ISL,IS,coa,2018,0,0,0,FALSE,0
ISL,IS,hyd,2018,1990.074,13812.7959,1576.8031849315066,FALSE,0.792333945838952
ISL,IS,nga,2018,0,0,0,FALSE,0
ISL,IS,nuc,2018,0,0,0,FALSE,0
ISL,IS,oil,2018,71.971,1.8735,0.21386986301369862,FALSE,0.002971611663221278
ISL,IS,ore,2018,753.2,6009.8349,686.0542123287671,FALSE,0.9108526451523726
ISL,IS,sol,2018,0,0,0,FALSE,0
ISL,IS,wnd,2018,2.43,4.3631,0.4980707762557078,FALSE,0.20496739763609373
ISR,IL,bio,2018,20.204326484018264,176.9899,20.204326484018264,TRUE,1
ISR,IL,coa,2018,4840,20871.9144,2382.6386301369866,FALSE,0.492280708705989
ISR,IL,hyd,2018,7,0,0,FALSE,0
ISR,IL,nga,2018,9031,45792.4941,5227.453664383562,FALSE,0.5788344219226621
ISR,IL,nuc,2018,0,0,0,FALSE,0
ISR,IL,oil,2018,3199,381.9095,43.59697488584475,FALSE,0.01362831349979517
ISR,IL,ore,2018,0,0,0,FALSE,0
ISR,IL,sol,2018,1076,1698.2401,193.86302511415525,FALSE,0.18017009768973535
ISR,IL,wnd,2018,27,179.964,20.543835616438358,FALSE,0.7608828006088281
ITA,IT,bio,2018,6433.6,21606.479,2466.4930365296805,FALSE,0.3833768087120244
ITA,IT,coa,2018,7961.7,30624.0404,3495.8950228310505,FALSE,0.4390890165204731
ITA,IT,hyd,2018,22498.6,51247.3329,5850.152157534247,FALSE,0.26002294176234286
ITA,IT,nga,2018,44737.5,128537.553,14673.236643835617,FALSE,0.3279851722567335
ITA,IT,nuc,2018,0,0,0,FALSE,0
ITA,IT,oil,2018,2484.5,11029.13,1259.033105022831,FALSE,0.506755123776547
ITA,IT,ore,2018,767.2,6293.6277,718.4506506849315,FALSE,0.9364580952619023
ITA,IT,sol,2018,20113.6,22653.838,2586.054566210046,FALSE,0.1285724368690859
ITA,IT,wnd,2018,10230.2,17716.434,2022.4239726027397,FALSE,0.1976915380542648
JAM,JM,bio,2018,58.4,239.1471,27.299897260273973,FALSE,0.4674639941827735
JAM,JM,coa,2018,0,0,0,FALSE,0
JAM,JM,hyd,2018,41,179.2824,20.466027397260273,FALSE,0.4991713999331774
JAM,JM,nga,2018,204,484.4977,55.307956621004564,FALSE,0.27111743441668906
JAM,JM,nuc,2018,0,0,0,FALSE,0
JAM,JM,oil,2018,885.6,3108.8993,354.8971803652968,FALSE,0.4007420735832168
JAM,JM,ore,2018,0,0,0,FALSE,0
JAM,JM,sol,2018,26,46,5.251141552511416,FALSE,0.2019669827889006
JAM,JM,wnd,2018,102,302,34.47488584474886,FALSE,0.3379890769093026
JOR,JO,bio,2018,3.5,4.1,0.4680365296803653,FALSE,0.13372472276581865
JOR,JO,coa,2018,0,0,0,FALSE,0
JOR,JO,hyd,2018,12,22.7,2.5913242009132422,FALSE,0.21594368340943684
JOR,JO,nga,2018,4204,16418.5807,1874.267203196347,FALSE,0.44582949647867437
JOR,JO,nuc,2018,0,0,0,FALSE,0
JOR,JO,oil,2018,227.3,1900.9758,217.0063698630137,FALSE,0.9547134617818465
JOR,JO,ore,2018,0,0,0,FALSE,0
JOR,JO,sol,2018,698.5,1420.5359,162.16163242009134,FALSE,0.23215695407314435
JOR,JO,wnd,2018,280.4,722.373,82.46267123287672,FALSE,0.2940894123854377
JPN,JP,bio,2018,7700,44212.529,5047.092351598173,FALSE,0.6554665391685939
JPN,JP,coa,2018,91315,338760.4923,38671.289075342465,FALSE,0.42349328232319405
JPN,JP,hyd,2018,50031,87180.5619,9952.118938356165,FALSE,0.1989190489567701
JPN,JP,nga,2018,55810,376544.1469,42984.49165525114,FALSE,0.7701933641865462
JPN,JP,nuc,2018,36354,65353.1379,7460.403869863014,FALSE,0.20521548852569219
JPN,JP,oil,2018,38515.4,44494.5326,5079.284543378995,FALSE,0.13187671797200587
JPN,JP,ore,2018,2528.06502283105,22145.849599999998,2528.06502283105,TRUE,1
JPN,JP,sol,2018,55501,63443.8697,7242.450878995434,FALSE,0.13049225922047233
JPN,JP,wnd,2018,3653,6927.1063,790.7655593607307,FALSE,0.2164701777609446
KAZ,KZ,bio,2018,0,0,0,FALSE,0
KAZ,KZ,coa,2018,12135,74431.2983,8496.723550228311,FALSE,0.7001832344646322
KAZ,KZ,hyd,2018,2602,10395.3541,1186.6842579908675,FALSE,0.4560662021486808
KAZ,KZ,nga,2018,7117.6,21015.4763,2399.0269748858445,FALSE,0.3370556051036648
KAZ,KZ,nuc,2018,0,0,0,FALSE,0
KAZ,KZ,oil,2018,1969.3,823.0891,93.95994292237442,FALSE,0.04771235612774815
KAZ,KZ,ore,2018,0,0,0,FALSE,0
KAZ,KZ,sol,2018,209,141.3111,16.13140410958904,FALSE,0.07718375172052173
KAZ,KZ,wnd,2018,121,462.5831,52.8062899543379,FALSE,0.43641561945733803
KEN,KE,bio,2018,88,119.1635,13.603139269406393,FALSE,0.15458112806143628
KEN,KE,coa,2018,57,0,0,FALSE,0
KEN,KE,hyd,2018,826.2,4332.1206,494.53431506849324,FALSE,0.598564893571161
KEN,KE,nga,2018,0,0,0,FALSE,0
KEN,KE,nuc,2018,0,0,0,FALSE,0
KEN,KE,oil,2018,690.7,1235.2033,141.0049429223744,FALSE,0.20414788319440333
KEN,KE,ore,2018,663,5186.2237,592.0346689497716,FALSE,0.8929633015833659
KEN,KE,sol,2018,93,97.8947,11.17519406392694,FALSE,0.12016337703147247
KEN,KE,wnd,2018,336.1,293.5512,33.51041095890411,FALSE,0.09970369223119342
KGZ,KG,bio,2018,0,0,0,FALSE,0
KGZ,KG,coa,2018,316,1144.4576,130.64584474885842,FALSE,0.4134362175596786
KGZ,KG,hyd,2018,3677,14471.3874,1651.9848630136987,FALSE,0.4492751871127818
KGZ,KG,nga,2018,400,119.2803,13.616472602739726,FALSE,0.034041181506849316
KGZ,KG,nuc,2018,0,0,0,FALSE,0
KGZ,KG,oil,2018,8.956860730593608,78.4621,8.956860730593608,TRUE,1
KGZ,KG,ore,2018,0,0,0,FALSE,0
KGZ,KG,sol,2018,0,0,0,FALSE,0
KGZ,KG,wnd,2018,0,0,0,FALSE,0
KHM,KH,bio,2018,29.27,55.8535,6.375970319634703,FALSE,0.21783294566568853
KHM,KH,coa,2018,431,3465.8855,395.6490296803653,FALSE,0.917979187193423
KHM,KH,hyd,2018,1329.7,4775.2046,545.1146803652967,FALSE,0.4099531325601991
KHM,KH,nga,2018,0,0,0,FALSE,0
KHM,KH,nuc,2018,0,0,0,FALSE,0
KHM,KH,oil,2018,266.824,306.8839,35.03240867579908,FALSE,0.13129406903351679
KHM,KH,ore,2018,0,0,0,FALSE,0
KHM,KH,sol,2018,28,17.0086,1.9416210045662103,FALSE,0.06934360730593608
KHM,KH,wnd,2018,0,0,0,FALSE,0
KIR,KI,bio,2018,0,0,0,FALSE,0
KIR,KI,coa,2018,0,0,0,FALSE,0
KIR,KI,hyd,2018,0,0,0,FALSE,0
KIR,KI,nga,2018,0,0,0,FALSE,0
KIR,KI,nuc,2018,0,0,0,FALSE,0
KIR,KI,oil,2018,7.9,29,3.310502283105023,FALSE,0.4190509219120282
KIR,KI,ore,2018,0,0,0,FALSE,0
KIR,KI,sol,2018,3,0,0,FALSE,0
KIR,KI,wnd,2018,0,0,0,FALSE,0
KOR,KP,bio,2018,0,0,0,FALSE,0
KOR,KP,coa,2018,2664,2673.8186,305.23043378995436,FALSE,0.11457598865989278
KOR,KP,hyd,2018,4761,12578.3,1435.87899543379,FALSE,0.301591891500481
KOR,KP,nga,2018,0,0,0,FALSE,0
KOR,KP,nuc,2018,0,0,0,FALSE,0
KOR,KP,oil,2018,296,775.8986,88.572899543379,FALSE,0.2992327687276317
KOR,KP,ore,2018,0,0,0,FALSE,0
KOR,KP,sol,2018,38,0,0,FALSE,0
KOR,KP,wnd,2018,1,0,0,FALSE,0
KWT,KW,bio,2018,0,0,0,FALSE,0
KWT,KW,coa,2018,0,0,0,FALSE,0
KWT,KW,hyd,2018,0,0,0,FALSE,0
KWT,KW,nga,2018,11173,25958.158,2963.2600456621003,FALSE,0.2652161501532355
KWT,KW,nuc,2018,0,0,0,FALSE,0
KWT,KW,oil,2018,8250,48997.1495,5593.2819063926945,FALSE,0.6779735644112357
KWT,KW,ore,2018,0,0,0,FALSE,0
KWT,KW,sol,2018,43,3.94,0.4497716894977169,FALSE,0.010459806732505045
KWT,KW,wnd,2018,12,0,0,FALSE,0
LAO,LA,bio,2018,0.9999543378995435,8.7596,0.9999543378995435,TRUE,1
LAO,LA,coa,2018,1878,13289.0934,1517.019794520548,FALSE,0.8077847681153077
LAO,LA,hyd,2018,5112.14,20925.6304,2388.7705936073057,FALSE,0.4672740953118079
LAO,LA,nga,2018,0,0,0,FALSE,0
LAO,LA,nuc,2018,0,0,0,FALSE,0
LAO,LA,oil,2018,85,0,0,FALSE,0
LAO,LA,ore,2018,0,0,0,FALSE,0
LAO,LA,sol,2018,176,14.1583,1.6162442922374431,FALSE,0.009183206205894563
LAO,LA,wnd,2018,0,0,0,FALSE,0
LBN,LB,bio,2018,0,0,0,FALSE,0
LBN,LB,coa,2018,0,0,0,FALSE,0
LBN,LB,hyd,2018,279.6,289.0402,32.995456621004564,FALSE,0.11800950150573877
LBN,LB,nga,2018,870,0,0,FALSE,0
LBN,LB,nuc,2018,0,0,0,FALSE,0
LBN,LB,oil,2018,2312.684577625571,20259.1169,2312.684577625571,TRUE,1
LBN,LB,ore,2018,0,0,0,FALSE,0
LBN,LB,sol,2018,56,0,0,FALSE,0
LBN,LB,wnd,2018,3,0,0,FALSE,0
LBR,LR,bio,2018,0,0,0,FALSE,0
LBR,LR,coa,2018,0,0,0,FALSE,0
LBR,LR,hyd,2018,92,0,0,FALSE,0
LBR,LR,nga,2018,0,0,0,FALSE,0
LBR,LR,nuc,2018,0,0,0,FALSE,0
LBR,LR,oil,2018,98,544.4846,62.15577625570776,FALSE,0.6342426148541608
LBR,LR,ore,2018,0,0,0,FALSE,0
LBR,LR,sol,2018,3,0,0,FALSE,0
LBR,LR,wnd,2018,0,0,0,FALSE,0
LBY,LY,bio,2018,0,0,0,FALSE,0
LBY,LY,coa,2018,0,0,0,FALSE,0
LBY,LY,hyd,2018,0,0,0,FALSE,0
LBY,LY,nga,2018,6924,23416.6463,2673.1331392694065,FALSE,0.38606775552706624
LBY,LY,nuc,2018,0,0,0,FALSE,0
LBY,LY,oil,2018,3300,14385.2378,1642.1504337899544,FALSE,0.4976213435727134
LBY,LY,ore,2018,0,0,0,FALSE,0
LBY,LY,sol,2018,5,9.1406,1.0434474885844747,FALSE,0.20868949771689493
LBY,LY,wnd,2018,0,0,0,FALSE,0
LCA,LC,bio,2018,0,0,0,FALSE,0
LCA,LC,coa,2018,0,0,0,FALSE,0
LCA,LC,hyd,2018,0,0,0,FALSE,0
LCA,LC,nga,2018,0,0,0,FALSE,0
LCA,LC,nuc,2018,0,0,0,FALSE,0
LCA,LC,oil,2018,88.4,399.228,45.57397260273972,FALSE,0.5155426765015806
LCA,LC,ore,2018,0,0,0,FALSE,0
LCA,LC,sol,2018,4,0,0,FALSE,0
LCA,LC,wnd,2018,0,0,0,FALSE,0
LKA,LK,bio,2018,61,55.3766,6.321529680365297,FALSE,0.10363163410434914
LKA,LK,coa,2018,900,4764,543.8356164383562,FALSE,0.604261796042618
LKA,LK,hyd,2018,1757,6378.4455,728.1330479452055,FALSE,0.4144183539813349
LKA,LK,nga,2018,0,0,0,FALSE,0
LKA,LK,nuc,2018,0,0,0,FALSE,0
LKA,LK,oil,2018,1220,4504.1836,514.1762100456622,FALSE,0.4214559098734936
LKA,LK,ore,2018,0,0,0,FALSE,0
LKA,LK,sol,2018,185,294.6897,33.64037671232877,FALSE,0.18183987412069602
LKA,LK,wnd,2018,146,436.2846,49.80417808219178,FALSE,0.34112450741227246
LSO,LS,bio,2018,0,0,0,FALSE,0
LSO,LS,coa,2018,0,0,0,FALSE,0
LSO,LS,hyd,2018,79.3,338.1931,38.60651826484019,FALSE,0.4868413400358158
LSO,LS,nga,2018,0,0,0,FALSE,0
LSO,LS,nuc,2018,0,0,0,FALSE,0
LSO,LS,oil,2018,0,0,0,FALSE,0
LSO,LS,ore,2018,0,0,0,FALSE,0
LSO,LS,sol,2018,0,0,0,FALSE,0
LSO,LS,wnd,2018,0,0,0,FALSE,0
LTU,LT,bio,2018,103,627.516,71.63424657534246,FALSE,0.6954781220907035
LTU,LT,coa,2018,0,0,0,FALSE,0
LTU,LT,hyd,2018,1028,959.6,109.54337899543378,FALSE,0.10655970719400173
LTU,LT,nga,2018,1195,330.1191,37.684828767123285,FALSE,0.031535421562446264
LTU,LT,nuc,2018,0,0,0,FALSE,0
LTU,LT,oil,2018,975,131.496,15.01095890410959,FALSE,0.015395855286266245
LTU,LT,ore,2018,0,0,0,FALSE,0
LTU,LT,sol,2018,83,86.6369,9.89005707762557,FALSE,0.11915731418825988
LTU,LT,wnd,2018,533,1144,130.59360730593608,FALSE,0.2450161487916249
LUX,LU,bio,2018,44,291.5882,33.286324200913235,FALSE,0.7565073682025735
LUX,LU,coa,2018,0,0,0,FALSE,0
LUX,LU,hyd,2018,1333,1336.507,152.5692922374429,FALSE,0.11445558307385065
LUX,LU,nga,2018,93,196.8028,22.466073059360728,FALSE,0.24157067805764224
LUX,LU,nuc,2018,0,0,0,FALSE,0
LUX,LU,oil,2018,0,0,0,FALSE,0
LUX,LU,ore,2018,0,0,0,FALSE,0
LUX,LU,sol,2018,131,111.696,12.75068493150685,FALSE,0.09733347275959428
LUX,LU,wnd,2018,123,244.711,27.935045662100457,FALSE,0.22711419237480046
LVA,LV,bio,2018,134.1,944.6496,107.83671232876712,FALSE,0.804151471504602
LVA,LV,coa,2018,0.8295662100456621,7.267,0.8295662100456621,TRUE,1
LVA,LV,hyd,2018,1565,2431.7891,277.60149543379,FALSE,0.17738114724203832
LVA,LV,nga,2018,1111.1,3218.1693,367.3709246575342,FALSE,0.33063713856316646
LVA,LV,nuc,2018,0,0,0,FALSE,0
LVA,LV,oil,2018,23.8,0,0,FALSE,0
LVA,LV,ore,2018,0,0,0,FALSE,0
LVA,LV,sol,2018,2,1,0.1141552511415525,FALSE,0.05707762557077625
LVA,LV,wnd,2018,78,122,13.926940639269406,FALSE,0.17855052101627442
MAC,MO,bio,2018,0,0,0,FALSE,0
MAC,MO,coa,2018,0,0,0,FALSE,0
MAC,MO,hyd,2018,0,0,0,FALSE,0
MAC,MO,nga,2018,136,0,0,FALSE,0
MAC,MO,nuc,2018,0,0,0,FALSE,0
MAC,MO,oil,2018,282,656,74.88584474885845,FALSE,0.26555264095339876
MAC,MO,ore,2018,0,0,0,FALSE,0
MAC,MO,sol,2018,0,0,0,FALSE,0
MAC,MO,wnd,2018,0,0,0,FALSE,0
MAR,MA,bio,2018,0,0,0,FALSE,0
MAR,MA,coa,2018,4281,21261,2427.054794520548,FALSE,0.5669364154451175
MAR,MA,hyd,2018,1770,1972.213,225.1384703196347,FALSE,0.12719687588679926
MAR,MA,nga,2018,1279,5198,593.37899543379,FALSE,0.4639397931460438
MAR,MA,nuc,2018,0,0,0,FALSE,0
MAR,MA,oil,2018,1677,1593.5434,181.91134703196346,FALSE,0.10847426775907183
MAR,MA,ore,2018,0,0,0,FALSE,0
MAR,MA,sol,2018,711,950.6867,108.52587899543379,FALSE,0.15263836708218534
MAR,MA,wnd,2018,1220,3840.8278,438.4506621004566,FALSE,0.35938578860693166
MDA,MD,bio,2018,2.26027397260274,19.8,2.26027397260274,TRUE,1
MDA,MD,coa,2018,0,0,0,FALSE,0
MDA,MD,hyd,2018,64,342,39.04109589041096,FALSE,0.6100171232876712
MDA,MD,nga,2018,2947.38,4924.6927,562.1795319634703,FALSE,0.19073873472829098
MDA,MD,nuc,2018,0,0,0,FALSE,0
MDA,MD,oil,2018,2.52,16.9,1.9292237442922375,FALSE,0.765564977893745
MDA,MD,ore,2018,0,0,0,FALSE,0
MDA,MD,sol,2018,2,2,0.228310502283105,FALSE,0.1141552511415525
MDA,MD,wnd,2018,2.6141552511415527,22.9,2.6141552511415527,TRUE,1
MDG,MG,bio,2018,0.0319,0,0,FALSE,0
MDG,MG,coa,2018,0,0,0,FALSE,0
MDG,MG,hyd,2018,161.141,789.4368,90.11835616438356,FALSE,0.5592515633164965
MDG,MG,nga,2018,0,0,0,FALSE,0
MDG,MG,nuc,2018,0,0,0,FALSE,0
MDG,MG,oil,2018,683.221,806.8642,92.10778538812785,FALSE,0.13481404316923493
MDG,MG,ore,2018,0,0,0,FALSE,0
MDG,MG,sol,2018,20.3,2e-4,2.2831050228310503e-5,FALSE,1.124682277256675e-6
MDG,MG,wnd,2018,0.177,0,0,FALSE,0
MDV,MV,bio,2018,0,0,0,FALSE,0
MEX,MX,bio,2018,828.06,1995.095,227.7505707762557,FALSE,0.2750411452989587
MEX,MX,coa,2018,9044,31070.2467,3546.831815068493,FALSE,0.3921751232937299
MEX,MX,hyd,2018,12117,32621.8766,3723.9585159817348,FALSE,0.30733337591662413
MEX,MX,nga,2018,28432.1467,195611.6609,22330.098276255703,FALSE,0.7853820716342781
MEX,MX,nuc,2018,1711.8246347031964,14995.5838,1711.8246347031964,TRUE,1
MEX,MX,oil,2018,15980.0733,35958.263,4104.824543378995,FALSE,0.25687144647696925
MEX,MX,ore,2018,951,5434.8076,620.4118264840182,FALSE,0.6523783664395565
MEX,MX,sol,2018,2555,1344.7054,153.50518264840184,FALSE,0.06008030632031383
MEX,MX,wnd,2018,4875,12869.2902,1469.0970547945205,FALSE,0.30135324200913244
MKD,MK,bio,2018,6.170091324200913,54.05,6.170091324200913,TRUE,1
MKD,MK,coa,2018,675,2848.2747,325.1455136986301,FALSE,0.48169705733130386
MKD,MK,hyd,2018,673.735,1791.3664,204.49388127853882,FALSE,0.3035227222550985
MKD,MK,nga,2018,220,745.876,85.14566210045662,FALSE,0.38702573682025737
MKD,MK,nuc,2018,0,0,0,FALSE,0
MKD,MK,oil,2018,91,47.478,5.41986301369863,FALSE,0.05955893421646846
MKD,MK,ore,2018,0,0,0,FALSE,0
MKD,MK,sol,2018,21,22.789,2.60148401826484,FALSE,0.12388019134594476
MKD,MK,wnd,2018,36.8,97.338,11.111643835616439,FALSE,0.3019468433591424
MLI,ML,bio,2018,5.989554794520548,52.4685,5.989554794520548,TRUE,1
MLI,ML,coa,2018,0,0,0,FALSE,0
MLI,ML,hyd,2018,183.7,1229.0243,140.29957762557078,FALSE,0.7637429375371301
MLI,ML,nga,2018,0,0,0,FALSE,0
MLI,ML,nuc,2018,0,0,0,FALSE,0
MLI,ML,oil,2018,456.6,1636.6665,186.83407534246575,FALSE,0.4091854475305864
MLI,ML,ore,2018,0,0,0,FALSE,0
MLI,ML,sol,2018,20,2.84,0.3242009132420091,FALSE,0.016210045662100457
MLI,ML,wnd,2018,0,0,0,FALSE,0
MLT,MT,bio,2018,1.0767123287671232,9.432,1.0767123287671232,TRUE,1
MLT,MT,coa,2018,0,0,0,FALSE,0
MLT,MT,hyd,2018,0,0,0,FALSE,0
MLT,MT,nga,2018,288.28,1695.4679,193.54656392694065,FALSE,0.6713839459100204
MLT,MT,nuc,2018,0,0,0,FALSE,0
MLT,MT,oil,2018,306.72,69.1152,7.88986301369863,FALSE,0.025723340550660632
MLT,MT,ore,2018,0,0,0,FALSE,0
MLT,MT,sol,2018,131.3,183.2893,20.92343607305936,FALSE,0.1593559487666364
MLT,MT,wnd,2018,0.1,0.058,0.006621004566210046,FALSE,0.06621004566210045
MMR,MM,bio,2018,0,0,0,FALSE,0
MMR,MM,coa,2018,160,994.1389,113.48617579908677,FALSE,0.7092885987442923
MMR,MM,hyd,2018,3255,14453.859,1649.983904109589,FALSE,0.5069074974223008
MMR,MM,nga,2018,1995,9430.4513,1076.5355365296805,FALSE,0.5396168102905666
MMR,MM,nuc,2018,0,0,0,FALSE,0
MMR,MM,oil,2018,729,83.0618,9.481940639269407,FALSE,0.013006777282948433
MMR,MM,ore,2018,0,0,0,FALSE,0
MMR,MM,sol,2018,48,12.9008,1.4726940639269408,FALSE,0.030681126331811266
MMR,MM,wnd,2018,0.00228310502283105,0.02,0.00228310502283105,TRUE,1
MNE,ME,bio,2018,0,0,0,FALSE,0
MNE,ME,coa,2018,225,1584.1951,180.84418949771688,FALSE,0.8037519533231862
MNE,ME,hyd,2018,652.38,2133.89,243.5947488584475,FALSE,0.3733939557595995
MNE,ME,nga,2018,0,0,0,FALSE,0
MNE,ME,nuc,2018,0,0,0,FALSE,0
MNE,ME,oil,2018,0,0,0,FALSE,0
MNE,ME,ore,2018,0,0,0,FALSE,0
MNE,ME,sol,2018,3,2.3,0.2625570776255708,FALSE,0.08751902587519027
MNE,ME,wnd,2018,118,143.9684,16.434748858447488,FALSE,0.13927753269870752
MNG,MN,bio,2018,0,0,0,FALSE,0
MNG,MN,coa,2018,2122,5609.1532,640.3142922374429,FALSE,0.30175037334469507
MNG,MN,hyd,2018,29,59,6.735159817351598,FALSE,0.2322468902535034
MNG,MN,nga,2018,0,0,0,FALSE,0
MNG,MN,nuc,2018,0,0,0,FALSE,0
MNG,MN,oil,2018,180,295.0348,33.67977168949772,FALSE,0.1871098427194318
MNG,MN,ore,2018,0,0,0,FALSE,0
MNG,MN,sol,2018,63,50.3834,5.751529680365297,FALSE,0.09129412191056027
MNG,MN,wnd,2018,156,521.7286,59.558059360730596,FALSE,0.3817824317995551
MOZ,MZ,bio,2018,0,0,0,FALSE,0
MOZ,MZ,coa,2018,58.5,0,0,FALSE,0
MOZ,MZ,hyd,2018,2207,13938.9389,1591.2030707762556,FALSE,0.720980095503514
MOZ,MZ,nga,2018,658.4,2770.9023,316.31304794520554,FALSE,0.4804268650443584
MOZ,MZ,nuc,2018,0,0,0,FALSE,0
MOZ,MZ,oil,2018,189.6,0,0,FALSE,0
MOZ,MZ,ore,2018,0,0,0,FALSE,0
MOZ,MZ,sol,2018,17,1.7442,0.1991095890410959,FALSE,0.01171232876712329
MOZ,MZ,wnd,2018,0,0,0,FALSE,0
MRT,MR,bio,2018,0,0,0,FALSE,0
MRT,MR,coa,2018,0,0,0,FALSE,0
MRT,MR,hyd,2018,48,240,27.397260273972602,FALSE,0.5707762557077626
MRT,MR,nga,2018,0,0,0,FALSE,0
MRT,MR,nuc,2018,0,0,0,FALSE,0
MRT,MR,oil,2018,511,1111.17,126.8458904109589,FALSE,0.24823070530520333
MRT,MR,ore,2018,0,0,0,FALSE,0
MRT,MR,sol,2018,86,20.7,2.363013698630137,FALSE,0.027476903472443453
MRT,MR,wnd,2018,34,110.8,12.648401826484019,FALSE,0.37201181842600056
MUS,MU,bio,2018,98.7667,454.0279,51.82966894977169,FALSE,0.5247686613987477
MUS,MU,coa,2018,172.5333,1259.5,143.7785388127854,FALSE,0.8333379052784906
MUS,MU,hyd,2018,60.44,124.7773,14.243984018264841,FALSE,0.23567147614600997
MUS,MU,nga,2018,0,0,0,FALSE,0
MUS,MU,nuc,2018,0,0,0,FALSE,0
MUS,MU,oil,2018,463.85,1223.4,139.65753424657535,FALSE,0.3010833981816866
MUS,MU,ore,2018,0,0,0,FALSE,0
MUS,MU,sol,2018,66.89,92.2674,10.532808219178081,FALSE,0.1574646168213198
MUS,MU,wnd,2018,10.63,15.1,1.7237442922374429,FALSE,0.16215844705902566
MWI,MW,bio,2018,0,0,0,FALSE,0
MWI,MW,coa,2018,0,0,0,FALSE,0
MWI,MW,hyd,2018,364,1384.1,158.00228310502283,FALSE,0.4340722063324803
MWI,MW,nga,2018,0,0,0,FALSE,0
MWI,MW,nuc,2018,0,0,0,FALSE,0
MWI,MW,oil,2018,210.9,182,20.77625570776256,FALSE,0.09851235518142512
MWI,MW,ore,2018,0,0,0,FALSE,0
MWI,MW,sol,2018,23,0,0,FALSE,0
MWI,MW,wnd,2018,0,0,0,FALSE,0
MYS,MY,bio,2018,777,880.7843,100.54615296803654,FALSE,0.1294030282728913
MYS,MY,coa,2018,9546,76192.5436,8697.778949771691,FALSE,0.9111438246146754
MYS,MY,hyd,2018,6148.1,26203.2959,2991.2438242009134,FALSE,0.4865314201462099
MYS,MY,nga,2018,14074.5,66009.6801,7535.35160958904,FALSE,0.5353903591309844
MYS,MY,nuc,2018,0,0,0,FALSE,0
MYS,MY,oil,2018,2207.6,1128.4001,128.812796803653,FALSE,0.05834969958491257
MYS,MY,ore,2018,0,0,0,FALSE,0
MYS,MY,sol,2018,483,418.0163,47.718755707762554,FALSE,0.09879659566824546
MYS,MY,wnd,2018,1.15,0,0,FALSE,0
NER,NE,bio,2018,0,0,0,FALSE,0
NER,NE,coa,2018,40,215.0001,24.543390410958907,FALSE,0.6135847602739727
NER,NE,hyd,2018,0,0,0,FALSE,0
NER,NE,nga,2018,0,0,0,FALSE,0
NER,NE,nuc,2018,0,0,0,FALSE,0
NER,NE,oil,2018,210,305.9997,34.931472602739724,FALSE,0.16634034572733203
NER,NE,ore,2018,0,0,0,FALSE,0
NER,NE,sol,2018,20,11.6556,1.3305479452054796,FALSE,0.06652739726027398
NER,NE,wnd,2018,0,0,0,FALSE,0
NGA,NG,bio,2018,0,0,0,FALSE,0
NGA,NG,coa,2018,0,0,0,FALSE,0
NGA,NG,hyd,2018,2111,5468.6232,624.2720547945206,FALSE,0.2957233798173949
NGA,NG,nga,2018,15703,25889.9669,2955.4756735159817,FALSE,0.18821089432057453
NGA,NG,nuc,2018,0,0,0,FALSE,0
NGA,NG,oil,2018,0,0,0,FALSE,0
NGA,NG,ore,2018,0,0,0,FALSE,0
NGA,NG,sol,2018,19,27.0704,3.0902283105022827,FALSE,0.16264359528959382
NGA,NG,wnd,2018,3,0,0,FALSE,0
NIC,NI,bio,2018,176.6,666.6809,76.10512557077625,FALSE,0.4309463509103978
NIC,NI,coa,2018,0,0,0,FALSE,0
NIC,NI,hyd,2018,142.45,410.8998,46.9063698630137,FALSE,0.32928304572140193
NIC,NI,nga,2018,0,0,0,FALSE,0
NIC,NI,nuc,2018,0,0,0,FALSE,0
NIC,NI,oil,2018,808.66,1947.6208,222.33114155251138,FALSE,0.27493772605608213
NIC,NI,ore,2018,154.5,801.395,91.48344748858447,FALSE,0.5921258737125209
NIC,NI,sol,2018,13.96,23.985,2.738013698630137,FALSE,0.19613278643482354
NIC,NI,wnd,2018,186.2,800.591,91.39166666666667,FALSE,0.49082527747941285
NLD,NL,bio,2018,1122,5872.2065,670.3432077625571,FALSE,0.5974538393605678
NLD,NL,coa,2018,6988.6667,30057.0548,3431.1706392694064,FALSE,0.490962122899552
NLD,NL,hyd,2018,37,71.7132,8.186438356164384,FALSE,0.22125509070714552
NLD,NL,nga,2018,13699.3333,58905.6792,6724.392602739726,FALSE,0.49085546394726565
NLD,NL,nuc,2018,485,3524.9589,402.3925684931507,FALSE,0.8296753989549499
NLD,NL,oil,2018,222,1299.5018,148.34495433789954,FALSE,0.6682205150355836
NLD,NL,ore,2018,6.007031963470319,52.6216,6.007031963470319,TRUE,1
NLD,NL,sol,2018,4522,3201.4996,365.46799086757994,FALSE,0.08081998913480318
NLD,NL,wnd,2018,4393,10548.7974,1204.2006164383563,FALSE,0.2741180551874246
NOR,NO,bio,2018,196,386,44.06392694063927,FALSE,0.22481595377877178
NOR,NO,coa,2018,50,178.932,20.426027397260274,FALSE,0.4085205479452055
NOR,NO,hyd,2018,32701,139508.9263,15925.676518264838,FALSE,0.48700885349881773
NOR,NO,nga,2018,311,2691.5679,307.2566095890411,FALSE,0.9879633748843765
NOR,NO,nuc,2018,0,0,0,FALSE,0
NOR,NO,oil,2018,28,28.473,3.2503424657534246,FALSE,0.11608365949119373
NOR,NO,ore,2018,0,0,0,FALSE,0
NOR,NO,sol,2018,68,0,0,FALSE,0
NOR,NO,wnd,2018,1710,3879.2121,442.83243150684933,FALSE,0.25896633421453175
NPL,NP,bio,2018,0,0,0,FALSE,0
NPL,NP,coa,2018,0,0,0,FALSE,0
NPL,NP,hyd,2018,1128.705,4903.5732,559.7686301369863,FALSE,0.4959388238175487
NPL,NP,nga,2018,0,0,0,FALSE,0
NPL,NP,nuc,2018,0,0,0,FALSE,0
NPL,NP,oil,2018,70.41,0.12,0.0136986301369863,FALSE,1.94555178767026e-4
NPL,NP,ore,2018,0,0,0,FALSE,0
NPL,NP,sol,2018,53,0.678,0.0773972602739726,FALSE,0.001460325665546653
NPL,NP,wnd,2018,0.6463470319634703,5.662,0.6463470319634703,TRUE,1
NZL,NZ,bio,2018,267.306,572.0641,65.30412100456623,FALSE,0.24430473316934984
NZL,NZ,coa,2018,258,1583.3371,180.74624429223744,FALSE,0.7005668383420056
NZL,NZ,hyd,2018,5380.5,26293.3113,3001.5195547945204,FALSE,0.5578514180456315
NZL,NZ,nga,2018,1536.14,5707.1323,651.4991210045662,FALSE,0.4241144173086868
NZL,NZ,nuc,2018,0,0,0,FALSE,0
NZL,NZ,oil,2018,183.1384,11.6661,1.3317465753424658,FALSE,0.007271804140161025
NZL,NZ,ore,2018,957.2,8013.4127,914.7731392694064,FALSE,0.9556760752918997
NZL,NZ,sol,2018,90,97.1616,11.091506849315069,FALSE,0.12323896499238965
NZL,NZ,wnd,2018,689.45,2121.9544,242.23223744292235,FALSE,0.35134126831956247
OMN,OM,bio,2018,0,0,0,FALSE,0
OMN,OM,coa,2018,0,0,0,FALSE,0
OMN,OM,hyd,2018,0,0,0,FALSE,0
OMN,OM,nga,2018,9727.9,36658.6511,4184.77752283105,FALSE,0.4301830326001553
OMN,OM,nuc,2018,0,0,0,FALSE,0
OMN,OM,oil,2018,902.1,1005.5339,114.78697488584476,FALSE,0.12724418011954855
OMN,OM,ore,2018,0,0,0,FALSE,0
OMN,OM,sol,2018,8,0,0,FALSE,0
OMN,OM,wnd,2018,0,0,0,FALSE,0
PAK,PK,bio,2018,940,1010.0208,115.29917808219179,FALSE,0.12265870008743807
PAK,PK,coa,2018,2592,11574.7891,1321.3229566210046,FALSE,0.5097696591902023
PAK,PK,hyd,2018,9616,32980.6236,3764.9113698630135,FALSE,0.391525724819365
PAK,PK,nga,2018,13577,64794.3928,7396.620182648402,FALSE,0.544790467897798
PAK,PK,nuc,2018,1417,11663.2426,1331.4203881278538,FALSE,0.9396050727790076
PAK,PK,oil,2018,4960,19240.255,2196.3761415525114,FALSE,0.44281777047429666
PAK,PK,ore,2018,0,0,0,FALSE,0
PAK,PK,sol,2018,1169,1539.6055,175.75405251141552,FALSE,0.1503456394451801
PAK,PK,wnd,2018,1186,3007.2952,343.2985388127854,FALSE,0.2894591389652491
PAN,PA,bio,2018,8.1,45.7689,5.224760273972603,FALSE,0.6450321325892102
PAN,PA,coa,2018,420,483.3254,55.174132420091325,FALSE,0.13136698195259838
PAN,PA,hyd,2018,1776.653,7855.2,896.7123287671233,FALSE,0.504720014975982
PAN,PA,nga,2018,1076.5,623.4,71.16438356164383,FALSE,0.06610718398666403
PAN,PA,nuc,2018,0,0,0,FALSE,0
PAN,PA,oil,2018,412.378,1393.6722,159.095,FALSE,0.3857989514474584
PAN,PA,ore,2018,0,0,0,FALSE,0
PAN,PA,sol,2018,188.98,232.6358,26.55659817351598,FALSE,0.1405259719203936
PAN,PA,wnd,2018,270,587.8976,67.11159817351597,FALSE,0.24856147471672582
PER,PE,bio,2018,184.1,784.6716,89.57438356164383,FALSE,0.4865528710572723
PER,PE,coa,2018,135,342.98,39.15296803652968,FALSE,0.2900219854557754
PER,PE,hyd,2018,5363.26,30722.4404,3507.127899543379,FALSE,0.6539171883413034
PER,PE,nga,2018,3608.4,20292.7407,2316.522910958904,FALSE,0.6419806315704756
PER,PE,nuc,2018,0,0,0,FALSE,0
PER,PE,oil,2018,5197.5,730.9001,83.43608447488585,FALSE,0.016053118706086743
PER,PE,ore,2018,0,0,0,FALSE,0
PER,PE,sol,2018,284.48,745.0366,85.0498401826484,FALSE,0.29896597364541755
PER,PE,wnd,2018,372.25,1501.7094,171.42801369863014,FALSE,0.4605185055705309
PHL,PH,bio,2018,258,1104.8252,126.12159817351598,FALSE,0.48884340377331775
PHL,PH,coa,2018,8844,51932.187,5928.331849315068,FALSE,0.6703224614784111
PHL,PH,hyd,2018,3701,9383.76,1071.2054794520548,FALSE,0.2894367682929086
PHL,PH,nga,2018,3453,21421.5259,2445.379668949772,FALSE,0.7081898838545532
PHL,PH,nuc,2018,0,0,0,FALSE,0
PHL,PH,oil,2018,4302,3172.8162,362.1936301369863,FALSE,0.08419191774453424
PHL,PH,ore,2018,1944,10435.305,1191.2448630136987,FALSE,0.6127802793280344
PHL,PH,sol,2018,896,1161.3769,132.5772716894977,FALSE,0.1479657050106001
PHL,PH,wnd,2018,427,1152.924,131.6123287671233,FALSE,0.3082255943023965
PNG,PG,bio,2018,5,27.1651,3.101038812785388,FALSE,0.6202077625570775
PNG,PG,coa,2018,0,0,0,FALSE,0
PNG,PG,hyd,2018,249,1005,114.72602739726027,FALSE,0.4607470979809649
PNG,PG,nga,2018,221.9047488584475,1943.8856,221.9047488584475,TRUE,1
PNG,PG,nuc,2018,0,0,0,FALSE,0
PNG,PG,oil,2018,504,2594.1236,296.13283105022833,FALSE,0.5875651409726753
PNG,PG,ore,2018,56,422,48.17351598173516,FALSE,0.8602413568166992
PNG,PG,sol,2018,1,0,0,FALSE,0
PNG,PG,wnd,2018,0,0,0,FALSE,0
POL,PL,bio,2018,997,6772.386,773.1034246575342,FALSE,0.775429713798931
POL,PL,coa,2018,31967,133205.6896,15206.12894977169,FALSE,0.4756820768220881
POL,PL,hyd,2018,2336,2387.4074,272.5350913242009,FALSE,0.11666741923125039
POL,PL,nga,2018,3046,12642.73,1443.2340182648402,FALSE,0.47381287533317146
POL,PL,nuc,2018,0,0,0,FALSE,0
POL,PL,oil,2018,375,1863.78,212.76027397260273,FALSE,0.5673607305936073
POL,PL,ore,2018,0.8465753424657534,7.416,0.8465753424657534,TRUE,1
POL,PL,sol,2018,562,300.4328,34.29598173515981,FALSE,0.06102487853231284
POL,PL,wnd,2018,5864,12798.8343,1461.0541438356165,FALSE,0.24915657295968904
PRI,PR,coa,2018,454.4,2400.5396,274.03420091324205,FALSE,0.6030682238407615
PRI,PR,hyd,2018,98.1,50,5.707762557077626,FALSE,0.058183104557366215
PRI,PR,nga,2018,1348,6840.223,780.8473744292237,FALSE,0.5792636308822134
PRI,PR,nuc,2018,0,0,0,FALSE,0
PRI,PR,oil,2018,4001.3,7092.2264,809.6148858447488,FALSE,0.2023379616236595
PRI,PR,ore,2018,0,0,0,FALSE,0
PRI,PR,sol,2018,147.7,159,18.15068493150685,FALSE,0.12288886209551016
PRI,PR,wnd,2018,125.2,149,17.009132420091323,FALSE,0.13585569025632047
PRK,KR,bio,2018,2458,7826.4996,893.4360273972603,FALSE,0.36348088990938177
PRK,KR,coa,2018,36970,256130.7018,29238.6645890411,FALSE,0.7908754284295672
PRK,KR,hyd,2018,6490,7281.6767,831.2416324200914,FALSE,0.1280803747950834
PRK,KR,nga,2018,37851,152371.0559,17393.956152968036,FALSE,0.45953755919177924
PRK,KR,nuc,2018,21850,133504.7526,15240.268561643838,FALSE,0.6974951286793518
PRK,KR,oil,2018,2950,13155.5729,1501.7777283105022,FALSE,0.5090771960374584
PRK,KR,ore,2018,255.91495433789953,2241.815,255.91495433789953,TRUE,1
PRK,KR,sol,2018,7130,9318.6808,1063.7763470319635,FALSE,0.14919724362299627
PRK,KR,wnd,2018,1434,2465.7791,281.48163242009133,FALSE,0.1962912359972743
PRT,PT,bio,2018,627,3474.194,396.5974885844749,FALSE,0.6325318797200556
PRT,PT,coa,2018,1756,12060,1376.7123287671234,FALSE,0.7840047430336694
PRT,PT,hyd,2018,7248,14075.3024,1606.7696803652968,FALSE,0.22168455854929592
PRT,PT,nga,2018,4879,15035.9434,1716.431894977169,FALSE,0.35179993748251054
PRT,PT,nuc,2018,0,0,0,FALSE,0
PRT,PT,oil,2018,689,1167,133.21917808219177,FALSE,0.19335149213670794
PRT,PT,ore,2018,29.4,229,26.141552511415526,FALSE,0.8891684527692356
PRT,PT,sol,2018,671,1119.6806,127.81742009132418,FALSE,0.19048795840733856
PRT,PT,wnd,2018,5380,12608.8275,1439.3638698630136,FALSE,0.2675397527626419
PRY,PY,bio,2018,0,0,0,FALSE,0
PRY,PY,coa,2018,0,0,0,FALSE,0
PRY,PY,hyd,2018,8810,59210.8803,6759.232910958904,FALSE,0.7672228048761525
PRY,PY,nga,2018,0,0,0,FALSE,0
PRY,PY,nuc,2018,0,0,0,FALSE,0
PRY,PY,oil,2018,6.1,1.5428,0.1761187214611872,FALSE,0.0288719215510143
PRY,PY,ore,2018,0,0,0,FALSE,0
PRY,PY,sol,2018,0,0,0,FALSE,0
PRY,PY,wnd,2018,0,0,0,FALSE,0
QAT,QA,bio,2018,0,0,0,FALSE,0
QAT,QA,coa,2018,0,0,0,FALSE,0
QAT,QA,hyd,2018,0,0,0,FALSE,0
QAT,QA,nga,2018,9834,49391.1622,5638.260525114155,FALSE,0.5733435555332678
QAT,QA,nuc,2018,0,0,0,FALSE,0
QAT,QA,oil,2018,75,0,0,FALSE,0
QAT,QA,ore,2018,0,0,0,FALSE,0
QAT,QA,sol,2018,5,0,0,FALSE,0
QAT,QA,wnd,2018,0,0,0,FALSE,0
ROU,RO,bio,2018,142,407.303,46.49577625570776,FALSE,0.32743504405428
ROU,RO,coa,2018,3775,15648.2301,1786.3276369863015,FALSE,0.47319937403610635
ROU,RO,hyd,2018,6678.929,18097.306,2065.902511415525,FALSE,0.30931643552664284
ROU,RO,nga,2018,2593.4,10584.4102,1208.26600456621,FALSE,0.46590036421925274
ROU,RO,nuc,2018,1300,11377.435,1298.7939497716895,FALSE,0.9990722690551458
ROU,RO,oil,2018,3841.584,668.5337,76.31663242009132,FALSE,0.019865928330629064
ROU,RO,ore,2018,0,0,0,FALSE,0
ROU,RO,sol,2018,1377,1771.027,202.17203196347032,FALSE,0.14682064775851147
ROU,RO,wnd,2018,3032,6322.219,721.7144977168949,FALSE,0.23803248605438487
RUS,RU,bio,2018,600,2685.006,306.50753424657535,FALSE,0.510845890410959
RUS,RU,coa,2018,42506.5,190256.811,21718.81404109589,FALSE,0.5109527728958134
RUS,RU,hyd,2018,48983.3,192212.8981,21942.11165525114,FALSE,0.4479508660145629
RUS,RU,nga,2018,131199.1,514012.2181,58677.193847031966,FALSE,0.4472377771420076
RUS,RU,nuc,2018,29132.2,204584.5812,23354.40424657534,FALSE,0.8016697759378056
RUS,RU,oil,2018,16000,6836.134,780.380593607306,FALSE,0.04877378710045662
RUS,RU,ore,2018,80,432,49.31506849315068,FALSE,0.6164383561643836
RUS,RU,sol,2018,535,751.0019,85.7308105022831,FALSE,0.1602445056117441
RUS,RU,wnd,2018,52,232.9097,26.587865296803653,FALSE,0.5113051018616087
RWA,RW,bio,2018,0,0,0,FALSE,0
RWA,RW,coa,2018,0,0,0,FALSE,0
RWA,RW,hyd,2018,99,553.9574,63.23714611872146,FALSE,0.6387590517042572
RWA,RW,nga,2018,30,0,0,FALSE,0
RWA,RW,nuc,2018,0,0,0,FALSE,0
RWA,RW,oil,2018,60,207.74,23.71461187214612,FALSE,0.3952435312024353
RWA,RW,ore,2018,0,0,0,FALSE,0
RWA,RW,sol,2018,30,17.7929,2.0311529680365292,FALSE,0.06770509893455097
RWA,RW,wnd,2018,0,0,0,FALSE,0
SAU,SA,bio,2018,0,0,0,FALSE,0
SAU,SA,coa,2018,0,0,0,FALSE,0
SAU,SA,hyd,2018,0,0,0,FALSE,0
SAU,SA,nga,2018,39418,224765.4053,25658.151289954338,FALSE,0.6509247371747511
SAU,SA,nuc,2018,0,0,0,FALSE,0
SAU,SA,oil,2018,46051,126540.6501,14445.279691780821,FALSE,0.3136800436859313
SAU,SA,ore,2018,0,0,0,FALSE,0
SAU,SA,sol,2018,84,242.5394,27.68714611872146,FALSE,0.32960888236573166
SAU,SA,wnd,2018,3,0,0,FALSE,0
SDN,SD,bio,2018,0,0,0,FALSE,0
SDN,SD,coa,2018,0,0,0,FALSE,0
SDN,SD,hyd,2018,1928,9657.3033,1102.4318835616436,FALSE,0.5718007694821803
SDN,SD,nga,2018,0,0,0,FALSE,0
SDN,SD,nuc,2018,0,0,0,FALSE,0
SDN,SD,oil,2018,2371.1,6598.7151,753.2779794520549,FALSE,0.3176913582101366
SDN,SD,ore,2018,0,0,0,FALSE,0
SDN,SD,sol,2018,13,0,0,FALSE,0
SDN,SD,wnd,2018,0,0,0,FALSE,0
SEN,SN,bio,2018,25,72.3405,8.25804794520548,FALSE,0.3303219178082192
SEN,SN,coa,2018,175,0,0,FALSE,0
SEN,SN,hyd,2018,75,337,38.470319634703195,FALSE,0.512937595129376
SEN,SN,nga,2018,77,81.4398,9.296780821917809,FALSE,0.12073741327165985
SEN,SN,nuc,2018,0,0,0,FALSE,0
SEN,SN,oil,2018,763.29,4221.39,481.89383561643837,FALSE,0.6313378081940526
SEN,SN,ore,2018,0,0,0,FALSE,0
SEN,SN,sol,2018,134,150.0715,17.131449771689496,FALSE,0.12784664008723504
SEN,SN,wnd,2018,0,0,0,FALSE,0
SGP,SG,bio,2018,256.8,1524.9903,174.08565068493152,FALSE,0.6779036241625059
SGP,SG,coa,2018,72.47218036529681,634.8563,72.47218036529681,TRUE,1
SGP,SG,hyd,2018,0,0,0,FALSE,0
SGP,SG,nga,2018,10355.5,50246.428,5735.893607305936,FALSE,0.5538982769838188
SGP,SG,nuc,2018,0,0,0,FALSE,0
SGP,SG,oil,2018,2880.41,432.054,49.32123287671233,FALSE,0.017122990434248017
SGP,SG,ore,2018,0,0,0,FALSE,0
SGP,SG,sol,2018,156.7,229.043,26.146461187214612,FALSE,0.1668568040026459
SGP,SG,wnd,2018,0,0,0,FALSE,0
SLB,SB,bio,2018,6.5,10.921,1.246689497716895,FALSE,0.1917983842641377
SLB,SB,coa,2018,0,0,0,FALSE,0
SLB,SB,hyd,2018,0,0,0,FALSE,0
SLB,SB,nga,2018,0,0,0,FALSE,0
SLB,SB,nuc,2018,0,0,0,FALSE,0
SLB,SB,oil,2018,45.5,86.031,9.820890410958905,FALSE,0.2158437452958001
SLB,SB,ore,2018,7.2,0,0,FALSE,0
SLB,SB,sol,2018,3,0,0,FALSE,0
SLB,SB,wnd,2018,0,0,0,FALSE,0
SLE,SL,bio,2018,34,0,0,FALSE,0
SLE,SL,coa,2018,0,0,0,FALSE,0
SLE,SL,hyd,2018,61,0,0,FALSE,0
SLE,SL,nga,2018,0,0,0,FALSE,0
SLE,SL,nuc,2018,0,0,0,FALSE,0
SLE,SL,oil,2018,77.3,243.2529,27.76859589041096,FALSE,0.3592315121657304
SLE,SL,ore,2018,0,0,0,FALSE,0
SLE,SL,sol,2018,4,0,0,FALSE,0
SLE,SL,wnd,2018,0,0,0,FALSE,0
SLV,SV,bio,2018,297.1,789.9017,90.17142694063926,FALSE,0.30350530777731155
SLV,SV,coa,2018,0,0,0,FALSE,0
SLV,SV,hyd,2018,552.7,1547.682,176.67602739726027,FALSE,0.31965990120727383
SLV,SV,nga,2018,0,0,0,FALSE,0
SLV,SV,nuc,2018,0,0,0,FALSE,0
SLV,SV,oil,2018,757.1,1107.0409,126.3745319634703,FALSE,0.16691920745406194
SLV,SV,ore,2018,204.4,1545.277,176.40148401826485,FALSE,0.863020958993468
SLV,SV,sol,2018,205,278.8524,31.832465753424653,FALSE,0.15528032074841294
SLV,SV,wnd,2018,0,0,0,FALSE,0
SOM,SO,bio,2018,0,0,0,FALSE,0
SOM,SO,coa,2018,0,0,0,FALSE,0
SOM,SO,hyd,2018,0,0,0,FALSE,0
SOM,SO,nga,2018,0,0,0,FALSE,0
SOM,SO,nuc,2018,0,0,0,FALSE,0
SOM,SO,oil,2018,80,350,39.954337899543376,FALSE,0.4994292237442922
SOM,SO,ore,2018,0,0,0,FALSE,0
SOM,SO,sol,2018,7,0,0,FALSE,0
SOM,SO,wnd,2018,4,0,0,FALSE,0
SRB,RS,bio,2018,14.578721461187214,127.7096,14.578721461187214,TRUE,1
SRB,RS,coa,2018,4054,25095.4202,2864.77399543379,FALSE,0.7066536742559916
SRB,RS,hyd,2018,3008,11393.163,1300.589383561644,FALSE,0.43237678974788696
SRB,RS,nga,2018,236,597.8163,68.24386986301369,FALSE,0.2891689400975156
SRB,RS,nuc,2018,0,0,0,FALSE,0
SRB,RS,oil,2018,100,48.421,5.527511415525114,FALSE,0.055275114155251145
SRB,RS,ore,2018,0,0,0,FALSE,0
SRB,RS,sol,2018,10,13.04,1.4885844748858448,FALSE,0.14885844748858448
SRB,RS,wnd,2018,374,150.418,17.171004566210044,FALSE,0.04591177691500012
STP,ST,bio,2018,0,0,0,FALSE,0
STP,ST,coa,2018,0,0,0,FALSE,0
STP,ST,hyd,2018,2,6.6,0.7534246575342466,FALSE,0.3767123287671233
STP,ST,nga,2018,0,0,0,FALSE,0
STP,ST,nuc,2018,0,0,0,FALSE,0
STP,ST,oil,2018,23.5,73.7,8.41324200913242,FALSE,0.35801029826095404
STP,ST,ore,2018,0,0,0,FALSE,0
STP,ST,sol,2018,0,0,0,FALSE,0
STP,ST,wnd,2018,0,0,0,FALSE,0
SUR,SR,bio,2018,1.5,0,0,FALSE,0
SUR,SR,coa,2018,0,0,0,FALSE,0
SUR,SR,hyd,2018,189,1232.7484,140.724703196347,FALSE,0.7445751491870212
SUR,SR,nga,2018,0,0,0,FALSE,0
SUR,SR,nuc,2018,0,0,0,FALSE,0
SUR,SR,oil,2018,309.5,817.592,93.3324200913242,FALSE,0.30155870788796185
SUR,SR,ore,2018,0,0,0,FALSE,0
SUR,SR,sol,2018,7,9.0269,1.0304680365296803,FALSE,0.14720971950424006
SUR,SR,wnd,2018,0,0,0,FALSE,0
SVK,SK,bio,2018,340,1440,164.3835616438356,FALSE,0.48348106365834004
SVK,SK,coa,2018,1111,3620.5263,413.3020890410959,FALSE,0.3720090810450908
SVK,SK,hyd,2018,2542,3874.7402,442.3219406392694,FALSE,0.1740054841224506
SVK,SK,nga,2018,1270.3333,1882.8495,214.93715753424658,FALSE,0.16919745198700734
SVK,SK,nuc,2018,1940,14852.8487,1695.5306735159818,FALSE,0.8739848832556607
SVK,SK,oil,2018,575.6667,475.0822,54.23312785388128,FALSE,0.09420924964720259
SVK,SK,ore,2018,14.850376712328767,130.0893,14.850376712328767,TRUE,1
SVK,SK,sol,2018,531,585,66.78082191780823,FALSE,0.12576425973221889
SVK,SK,wnd,2018,4,6,0.684931506849315,FALSE,0.17123287671232876
SVN,SI,bio,2018,43,270.824,30.915981735159818,FALSE,0.7189763194223213
SVN,SI,coa,2018,1004.478,4622.2712,527.6565296803653,FALSE,0.5253042173948711
SVN,SI,hyd,2018,1343.425,4892.4508,558.4989497716895,FALSE,0.41572767349996426
SVN,SI,nga,2018,467.172,461.973,52.73664383561644,FALSE,0.11288485576108251
SVN,SI,nuc,2018,688,5776.439,659.4108447488585,FALSE,0.9584459952745036
SVN,SI,oil,2018,1.9407534246575342,17.001,1.9407534246575342,TRUE,1
SVN,SI,ore,2018,0,0,0,FALSE,0
SVN,SI,sol,2018,258,254.674,29.072374429223743,FALSE,0.11268362181869668
SVN,SI,wnd,2018,5.238,6.021,0.6873287671232877,FALSE,0.13121969589982582
SWE,SE,bio,2018,3708,13234.3968,1510.775890410959,FALSE,0.4074368636491259
SWE,SE,coa,2018,1150,1221.445,139.4343607305936,FALSE,0.12124727020051618
SWE,SE,hyd,2018,16333,62151.227,7094.888926940639,FALSE,0.4343898198090148
SWE,SE,nga,2018,907,564,64.38356164383562,FALSE,0.07098518373080002
SWE,SE,nuc,2018,8614,68602.5826,7831.345045662099,FALSE,0.9091415191156372
SWE,SE,oil,2018,2460,379,43.2648401826484,FALSE,0.01758733340758065
SWE,SE,ore,2018,0,0,0,FALSE,0
SWE,SE,sol,2018,435,404,46.118721461187214,FALSE,0.10602004933606256
SWE,SE,wnd,2018,7406,16733.9284,1910.265799086758,FALSE,0.25793489050590845
SWZ,SZ,bio,2018,106,0,0,FALSE,0
SYC,SC,bio,2018,0,0,0,FALSE,0
SYC,SC,coa,2018,0,0,0,FALSE,0
SYC,SC,hyd,2018,0,0,0,FALSE,0
SYC,SC,nga,2018,0,0,0,FALSE,0
SYC,SC,nuc,2018,0,0,0,FALSE,0
SYC,SC,oil,2018,80.3,416.8728,47.58821917808219,FALSE,0.5926303758167147
SYC,SC,ore,2018,0,0,0,FALSE,0
SYC,SC,sol,2018,3,3.5348,0.40351598173515985,FALSE,0.1345053272450533
SYC,SC,wnd,2018,6,7.3924,0.8438812785388129,FALSE,0.1406468797564688
SYR,SY,bio,2018,0,0,0,FALSE,0
SYR,SY,coa,2018,0,0,0,FALSE,0
SYR,SY,hyd,2018,1494,754,86.0730593607306,FALSE,0.05761248953194819
SYR,SY,nga,2018,6625,10501.9303,1198.85049086758,FALSE,0.18095856465925736
SYR,SY,nuc,2018,0,0,0,FALSE,0
SYR,SY,oil,2018,1567,7483.4359,854.2735045662101,FALSE,0.5451649678150671
SYR,SY,ore,2018,0,0,0,FALSE,0
SYR,SY,sol,2018,1,0,0,FALSE,0
SYR,SY,wnd,2018,1,0,0,FALSE,0
TCD,TD,bio,2018,0,0,0,FALSE,0
TCD,TD,coa,2018,0,0,0,FALSE,0
TCD,TD,hyd,2018,0,0,0,FALSE,0
TCD,TD,nga,2018,0,0,0,FALSE,0
TCD,TD,nuc,2018,0,0,0,FALSE,0
TCD,TD,oil,2018,271,230,26.255707762557076,FALSE,0.0968845304891405
TCD,TD,ore,2018,0,0,0,FALSE,0
TCD,TD,sol,2018,0,0,0,FALSE,0
TCD,TD,wnd,2018,1,0,0,FALSE,0
TGO,TG,bio,2018,0.5999315068493151,5.2554,0.5999315068493151,TRUE,1
TGO,TG,coa,2018,0,0,0,FALSE,0
TGO,TG,hyd,2018,55,194.0851,22.155833333333334,FALSE,0.4028333333333333
TGO,TG,nga,2018,0,0,0,FALSE,0
TGO,TG,nuc,2018,0,0,0,FALSE,0
TGO,TG,oil,2018,158,9.0957,1.0383219178082193,FALSE,0.006571657707646957
TGO,TG,ore,2018,0,0,0,FALSE,0
TGO,TG,sol,2018,3,0,0,FALSE,0
TGO,TG,wnd,2018,0,0,0,FALSE,0
THA,TH,bio,2018,1833.4413584474885,16060.9463,1833.4413584474885,TRUE,1
THA,TH,coa,2018,4266,31415.78,3586.2762557077626,FALSE,0.8406648513145247
THA,TH,hyd,2018,6850.4,15342.8809,1751.4704223744293,FALSE,0.2556741828760991
THA,TH,nga,2018,26389.73,118139.6697,13486.263664383561,FALSE,0.5110421237497906
THA,TH,nuc,2018,0,0,0,FALSE,0
THA,TH,oil,2018,10784.87,227.7231,25.995787671232875,FALSE,0.0024103941606373443
THA,TH,ore,2018,0.1141552511415525,1,0.1141552511415525,TRUE,1
THA,TH,sol,2018,2967,4537,517.9223744292237,FALSE,0.17456096205905755
THA,TH,wnd,2018,1103,1641,187.32876712328766,FALSE,0.1698356909549299
TJK,TJ,bio,2018,0,0,0,FALSE,0
TJK,TJ,coa,2018,146.08804794520546,1279.7313,146.08804794520546,TRUE,1
TJK,TJ,hyd,2018,5900,18435.724,2104.534703196347,FALSE,0.3567007971519232
TJK,TJ,nga,2018,669,0,0,FALSE,0
TJK,TJ,nuc,2018,0,0,0,FALSE,0
TJK,TJ,oil,2018,0,0,0,FALSE,0
TJK,TJ,ore,2018,0,0,0,FALSE,0
TJK,TJ,sol,2018,0,0,0,FALSE,0
TJK,TJ,wnd,2018,0,0,0,FALSE,0
TKM,TM,bio,2018,0,0,0,FALSE,0
TKM,TM,coa,2018,0,0,0,FALSE,0
TKM,TM,hyd,2018,10,0,0,FALSE,0
TKM,TM,nga,2018,7101.6,23919.0042,2730.4799315068494,FALSE,0.38448799305886694
TKM,TM,nuc,2018,0,0,0,FALSE,0
TKM,TM,oil,2018,0,0,0,FALSE,0
TKM,TM,ore,2018,0,0,0,FALSE,0
TKM,TM,sol,2018,0,0,0,FALSE,0
TKM,TM,wnd,2018,0,0,0,FALSE,0
TON,TO,bio,2018,0,0,0,FALSE,0
TON,TO,coa,2018,0,0,0,FALSE,0
TON,TO,hyd,2018,0,0,0,FALSE,0
TON,TO,nga,2018,0,0,0,FALSE,0
TON,TO,nuc,2018,0,0,0,FALSE,0
TON,TO,oil,2018,20.132,92,10.502283105022832,FALSE,0.5216711258207247
TON,TO,ore,2018,0,0,0,FALSE,0
TON,TO,sol,2018,2,0,0,FALSE,0
TON,TO,wnd,2018,0,0,0,FALSE,0
TTO,TT,bio,2018,0,0,0,FALSE,0
TTO,TT,coa,2018,0,0,0,FALSE,0
TTO,TT,hyd,2018,0,0,0,FALSE,0
TTO,TT,nga,2018,2041,11138.1434,1271.4775570776255,FALSE,0.6229679358538097
TTO,TT,nuc,2018,0,0,0,FALSE,0
TTO,TT,oil,2018,5,27.3881,3.1264954337899544,FALSE,0.6252990867579908
TTO,TT,ore,2018,0,0,0,FALSE,0
TTO,TT,sol,2018,2.6,4,0.45662100456621,FALSE,0.17562346329469616
TTO,TT,wnd,2018,0.002511415525114155,0.022,0.002511415525114155,TRUE,1
TUN,TN,bio,2018,0,0,0,FALSE,0
TUN,TN,coa,2018,0,0,0,FALSE,0
TUN,TN,hyd,2018,62,16.572,1.8917808219178083,FALSE,0.030512593901900132
TUN,TN,nga,2018,4402,19891.8011,2270.753550228311,FALSE,0.5158458769260134
TUN,TN,nuc,2018,0,0,0,FALSE,0
TUN,TN,oil,2018,422,44.207,5.046461187214612,FALSE,0.011958438832262113
TUN,TN,ore,2018,0,0,0,FALSE,0
TUN,TN,sol,2018,47,67.1923,7.6703538812785395,FALSE,0.16319901875060722
TUN,TN,wnd,2018,245,452.5964,51.66625570776256,FALSE,0.21088267635821453
TUR,TR,bio,2018,738.8,2659.15,303.55593607305934,FALSE,0.41087701146867806
TUR,TR,coa,2018,19777.5,113248.6254,12927.925273972603,FALSE,0.6536683238009153
TUR,TR,hyd,2018,28283.8,59938.4259,6842.286061643836,FALSE,0.24191537422990672
TUR,TR,nga,2018,26347.5,92482.8165,10557.399143835617,FALSE,0.400698325982944
TUR,TR,nuc,2018,0,0,0,FALSE,0
TUR,TR,oil,2018,45,329.1159,37.57030821917809,FALSE,0.8348957382039575
TUR,TR,ore,2018,1282.5,8394.7458,958.3043150684932,FALSE,0.7472158402093514
TUR,TR,sol,2018,5062.9,7799.8003,890.3881621004566,FALSE,0.17586524760521768
TUR,TR,wnd,2018,7005.4,19949.2073,2277.3067694063925,FALSE,0.3250787634405448
TWN,TW,bio,2018,712.559,3678.2551,419.8921347031963,FALSE,0.5892734983393604
TWN,TW,coa,2018,19346.684,129294.2943,14759.622636986302,FALSE,0.7629019338397371
TWN,TW,hyd,2018,4693.64,7839.134,894.87831050228306,FALSE,0.1906576368239326
TWN,TW,nga,2018,16680.16,92263.1345,10532.321289954338,FALSE,0.6314280732291739
TWN,TW,nuc,2018,4416,27682.4071,3160.0921347031967,FALSE,0.7156005739817022
TWN,TW,oil,2018,3081.697,8474.357,967.3923515981735,FALSE,0.3139154665751284
TWN,TW,ore,2018,1.7123287671232877e-4,0.0015,1.7123287671232877e-4,TRUE,1
TWN,TW,sol,2018,2738.116,2739.5553,312.7346232876712,FALSE,0.11421525723806851
TWN,TW,wnd,2018,713.191,1694.136,193.3945205479452,FALSE,0.27116792072242246
TZA,TZ,bio,2018,1.5560616438356165,13.6311,1.5560616438356165,TRUE,1
TZA,TZ,coa,2018,0,0,0,FALSE,0
TZA,TZ,hyd,2018,574.1,2234.5061,255.08060502283107,FALSE,0.4443138913479029
TZA,TZ,nga,2018,528.7655136986301,4631.9859,528.7655136986301,TRUE,1
TZA,TZ,nuc,2018,0,0,0,FALSE,0
TZA,TZ,oil,2018,716.86,1411.5939,161.14085616438356,FALSE,0.224787066044114
TZA,TZ,ore,2018,0,0,0,FALSE,0
TZA,TZ,sol,2018,25,24.4224,2.7879452054794522,FALSE,0.11151780821917809
TZA,TZ,wnd,2018,0,0,0,FALSE,0
UGA,UG,bio,2018,64.5,449.869,51.35490867579909,FALSE,0.796200134508513
UGA,UG,coa,2018,0,0,0,FALSE,0
UGA,UG,hyd,2018,744.3,3638.0683,415.30460045662096,FALSE,0.5579801161582977
UGA,UG,nga,2018,0,0,0,FALSE,0
UGA,UG,nuc,2018,0,0,0,FALSE,0
UGA,UG,oil,2018,197.8,267.9821,30.591563926940637,FALSE,0.15465906939808208
UGA,UG,ore,2018,0,0,0,FALSE,0
UGA,UG,sol,2018,48,32.6567,3.727933789954338,FALSE,0.07766528729071538
UGA,UG,wnd,2018,0,0,0,FALSE,0
UKR,UA,bio,2018,98.7,112.1487,12.802363013698631,FALSE,0.12970985829481896
UKR,UA,coa,2018,15779.9333,51271.9397,5852.961152968037,FALSE,0.37091165353455813
UKR,UA,hyd,2018,6248.1,12006.4717,1370.6017922374429,FALSE,0.2193629731018138
UKR,UA,nga,2018,11202.9333,9023.0771,1030.0316324200912,FALSE,0.09194302999376879
UKR,UA,nuc,2018,13107,84398.1,9634.486301369863,FALSE,0.7350641871801223
UKR,UA,oil,2018,958.6333,705.831,80.57431506849315,FALSE,0.08405123739024417
UKR,UA,ore,2018,0,0,0,FALSE,0
UKR,UA,sol,2018,1224.8,1107.5,126.4269406392694,FALSE,0.10322251848405406
UKR,UA,wnd,2018,621,1188.4,135.662100456621,FALSE,0.21845748865800485
URY,UY,bio,2018,424.6,1840.2458,210.0737214611872,FALSE,0.4947567627441997
URY,UY,coa,2018,0,0,0,FALSE,0
URY,UY,hyd,2018,1538,6290.264,718.0666666666667,FALSE,0.4668833983528392
URY,UY,nga,2018,1102,12.3343,1.4080251141552513,FALSE,0.0012776997406127508
URY,UY,nuc,2018,0,0,0,FALSE,0
URY,UY,oil,2018,87.9,356.2748,40.6706392694064,FALSE,0.46269214185900337
URY,UY,ore,2018,0,0,0,FALSE,0
URY,UY,sol,2018,248.385,399.6982,45.627648401826484,FALSE,0.18369727802333669
URY,UY,wnd,2018,1510.6555,4732.2953,540.2163584474886,FALSE,0.3576039397781218
USA,US,bio,2018,15640.4,77745.878,8875.100228310503,FALSE,0.5674471387119576
USA,US,coa,2018,262813.7,1256280.898,143411.06141552512,FALSE,0.5456757445122729
USA,US,hyd,2018,101766.7,315794.9808,36049.655342465754,FALSE,0.35423822667400784
USA,US,nga,2018,541344.4,1518798.06,173378.77397260274,FALSE,0.32027443892021923
USA,US,nuc,2018,104302.2,841079.0145,96013.58613013699,FALSE,0.9205327033383475
USA,US,oil,2018,37143.4,37233.1521,4250.359828767124,FALSE,0.11443109216622936
USA,US,ore,2018,3828.4,24869.7027,2839.0071575342467,FALSE,0.7415649246510936
USA,US,sol,2018,32396.1,88224.365,10071.274543378995,FALSE,0.3108792275421732
USA,US,wnd,2018,95105.2,278137.2884,31750.832009132424,FALSE,0.33384958981351626
UZB,UZ,bio,2018,0,0,0,FALSE,0
UZB,UZ,coa,2018,2734,2772.8947,316.5404908675799,FALSE,0.11577925781550105
UZB,UZ,hyd,2018,1905,7559.5313,862.9601940639269,FALSE,0.45299747719891176
UZB,UZ,nga,2018,7644,53495.5045,6106.792751141553,FALSE,0.798900150594133
UZB,UZ,nuc,2018,0,0,0,FALSE,0
UZB,UZ,oil,2018,1980,163.3852,18.651278538812786,FALSE,0.009419837645865044
UZB,UZ,ore,2018,0,0,0,FALSE,0
UZB,UZ,sol,2018,4,0,0,FALSE,0
UZB,UZ,wnd,2018,1,0,0,FALSE,0
VCT,VC,bio,2018,0,0,0,FALSE,0
VCT,VC,coa,2018,0,0,0,FALSE,0
VCT,VC,hyd,2018,5.6,25.5502,2.916689497716895,FALSE,0.5208374103065885
VCT,VC,nga,2018,0,0,0,FALSE,0
VCT,VC,nuc,2018,0,0,0,FALSE,0
VCT,VC,oil,2018,46.4,131.7926,15.044817351598175,FALSE,0.32424175326720206
VCT,VC,ore,2018,0,0,0,FALSE,0
VCT,VC,sol,2018,1,0,0,FALSE,0
VCT,VC,wnd,2018,0,0,0,FALSE,0
VEN,VE,bio,2018,0,0,0,FALSE,0
VEN,VE,coa,2018,0,0,0,FALSE,0
VEN,VE,hyd,2018,15138,58808.9963,6713.355742009132,FALSE,0.44347706051057817
VEN,VE,nga,2018,14696.1,20952.7015,2391.860901826484,FALSE,0.16275480582103308
VEN,VE,nuc,2018,0,0,0,FALSE,0
VEN,VE,oil,2018,2609,10747.9311,1226.9327739726027,FALSE,0.4702693652635503
VEN,VE,ore,2018,0,0,0,FALSE,0
VEN,VE,sol,2018,4,7,0.7990867579908676,FALSE,0.1997716894977169
VEN,VE,wnd,2018,214,88,10.045662100456621,FALSE,0.046942346263815986
VNM,VN,bio,2018,197,74.9858,8.560022831050228,FALSE,0.04345189254340217
VNM,VN,coa,2018,18516,72705.4519,8299.709121004567,FALSE,0.4482452538887755
VNM,VN,hyd,2018,19967,101319.6245,11566.167180365297,FALSE,0.5792641448572794
VNM,VN,nga,2018,7502,41618.7097,4750.9942579908675,FALSE,0.6332970218596198
VNM,VN,nuc,2018,0,0,0,FALSE,0
VNM,VN,oil,2018,2250,778.9048,88.91607305936074,FALSE,0.03951825469304922
VNM,VN,ore,2018,95,0,0,FALSE,0
VNM,VN,sol,2018,106,0,0,FALSE,0
VNM,VN,wnd,2018,237,398.2397,45.46115296803653,FALSE,0.19181921083559716
VUT,VU,bio,2018,0,0,0,FALSE,0
VUT,VU,coa,2018,0,0,0,FALSE,0
VUT,VU,hyd,2018,5,0,0,FALSE,0
VUT,VU,nga,2018,0,0,0,FALSE,0
VUT,VU,nuc,2018,0,0,0,FALSE,0
VUT,VU,oil,2018,27.1,57.4375,6.556792237442922,FALSE,0.24194805304217423
VUT,VU,ore,2018,0,0,0,FALSE,0
VUT,VU,sol,2018,3,0,0,FALSE,0
VUT,VU,wnd,2018,4,0,0,FALSE,0
WSM,WS,bio,2018,0,0,0,FALSE,0
WSM,WS,coa,2018,0,0,0,FALSE,0
WSM,WS,hyd,2018,11,40.7615,4.653139269406393,FALSE,0.4230126608551266
WSM,WS,nga,2018,0,0,0,FALSE,0
WSM,WS,nuc,2018,0,0,0,FALSE,0
WSM,WS,oil,2018,52.5,110.0841,12.566678082191782,FALSE,0.23936529680365298
WSM,WS,ore,2018,0,0,0,FALSE,0
WSM,WS,sol,2018,14,11.0381,1.2600570776255708,FALSE,0.09000407697325506
WSM,WS,wnd,2018,1,0.0968,0.011050228310502282,FALSE,0.011050228310502282
YEM,YE,bio,2018,0,0,0,FALSE,0
YEM,YE,coa,2018,0,0,0,FALSE,0
YEM,YE,hyd,2018,0,0,0,FALSE,0
YEM,YE,nga,2018,340,1892.02,215.9840182648402,FALSE,0.6352471125436476
YEM,YE,nuc,2018,0,0,0,FALSE,0
YEM,YE,oil,2018,1179,2664.0526,304.1155936073059,FALSE,0.25794367566353343
YEM,YE,ore,2018,0,0,0,FALSE,0
YEM,YE,sol,2018,250,1016.6667,116.05784246575342,FALSE,0.4642313698630137
YEM,YE,wnd,2018,0,0,0,FALSE,0
ZAF,ZA,bio,2018,199,326.1548,37.23228310502284,FALSE,0.18709690002524038
ZAF,ZA,coa,2018,36918,229820.6857,26235.238093607306,FALSE,0.7106354107375076
ZAF,ZA,hyd,2018,3433,5881.1462,671.3637214611872,FALSE,0.19556181807782907
ZAF,ZA,nga,2018,0,0,0,FALSE,0
ZAF,ZA,nuc,2018,1860,9990.0396,1140.4154794520548,FALSE,0.6131266018559435
ZAF,ZA,oil,2018,2997,183.193,20.912442922374428,FALSE,0.006977792099557701
ZAF,ZA,ore,2018,0,0,0,FALSE,0
ZAF,ZA,sol,2018,2959,3820.7576,436.15954337899547,FALSE,0.1474009947208501
ZAF,ZA,wnd,2018,2094,5981.4908,682.8185844748858,FALSE,0.32608337367473056
ZMB,ZM,bio,2018,0,0,0,FALSE,0
ZMB,ZM,coa,2018,301,2040.5019,232.93400684931507,FALSE,0.773867132389751
ZMB,ZM,hyd,2018,2353.3,13385.1588,1527.9861643835616,FALSE,0.6492951023599037
ZMB,ZM,nga,2018,0,0,0,FALSE,0
ZMB,ZM,nuc,2018,0,0,0,FALSE,0
ZMB,ZM,oil,2018,416,455.5132,51.99922374429224,FALSE,0.12499813400070249
ZMB,ZM,ore,2018,0,0,0,FALSE,0
ZMB,ZM,sol,2018,5,0,0,FALSE,0
ZMB,ZM,wnd,2018,0,0,0,FALSE,0
ZWE,ZW,bio,2018,40.00558219178082,350.4489,40.00558219178082,TRUE,1
ZWE,ZW,coa,2018,1365,3678.7748,419.95146118721465,FALSE,0.3076567481225016
ZWE,ZW,hyd,2018,1081,5503.5053,628.2540296803653,FALSE,0.5811785658467764
ZWE,ZW,nga,2018,0,0,0,FALSE,0
ZWE,ZW,nuc,2018,0,0,0,FALSE,0
ZWE,ZW,oil,2018,0.014406392694063927,0.1262,0.014406392694063927,TRUE,1
ZWE,ZW,ore,2018,0,0,0,FALSE,0
ZWE,ZW,sol,2018,11,0,0,FALSE,0
ZWE,ZW,wnd,2018,0,0,0,FALSE,0
