CountryCode,FuelType,Year,Capacity.MW,PowerOutput.MWy,EffectiveCapacity.MW,CapacityFactor,ThermalEfficiency,LCOE.TotalCalc.USD_kWh,LCOE.USD_kWh,VarOpex.USD_kWh,LCOE.Var.USD_kWh,LCOE.Fixed.USD_kWh,TotalThisYearDemand.MWy,FuelCostPerkWh,TotalNonCoalAndGasGeneration,RequiredCoalAndGas,MaximumGen,SumMaximumGen,OtherMaximumGen,MinimumGen,RemainderAfterMinimas,MinVarCost,RelVarCost,LogitExp,SumLogitExp,ProportionOfCoalGasGeneration,SumProportionOfCoalGasGeneration,GenerationShare,EffectiveEndOfYearRetirements,TotalEffectiveCapacity,TotalRetirements,TotalPredictedNextYearDemand.MWy,CostOfCheapestOption,RelativeCost,LogitNominator,SumLogitNominator,ProportionOfInvestment,CheckSum,NamePlateEndOfYearRetirements,TotalNewEffectiveInvestmentsNeeded,NewEffectiveInvestments,NewNameplateInvestments,NextYearEffectiveCapacity.MW,NextYearCapacity.MW,ThisYearGenerationCost,Price
CHN,coa,2018,1117607,544846.5753,545078.114787864,0.487718952,0.359969474,0.06185304061018131,0.061267026,0.0032,0.046158948610181313,0.015694092,816084.5890360001,0.04295894861018131,245670.890446,570413.69859,1005846.3,1048122,42275.69999999995,528137.9985900001,42275.69999999995,0.046158948610181313,1,0.36787944117144233,0.5685758484325957,0.6470191130797815,1,0.6676349273346774,21803.124591514563,819447.9197992821,32777.916791971285,816084.5890360001,0.051902689,1.1917116781787802,0.30370098057346023,1.9229836574313655,0.15793216931397652,1,44704.280000000006,32777.916791971285,5176.687504549043,10614.079037365445,528451.6777008985,1083516.7990373655,0,4.295530593
CHN,nga,2018,46973,25567.12329,23045.516818378,0.490611986,0.363221503,0.09611408993739484,0.084858665,0.005,0.07412951393739484,0.021984576,816084.5890360001,0.06912951393739483,245670.890446,570413.69859,42275.700000000004,1048122,1005846.3,0,42275.69999999995,0.046158948610181313,1.6059619243806613,0.20069640726115334,0.5685758484325957,0.3529808869202185,1,0.03132901127345287,921.8206727351201,819447.9197992821,32777.916791971285,816084.5890360001,0.051902689,1.8518133027249288,0.15695230607846464,1.9229836574313655,0.08161915753777878,1,1878.92,32777.916791971285,2675.305954404109,5452.997543366397,24799.00210004699,50547.077543366395,0,6.974812765
CHN,oil,2018,15000,1227.16895,1126.59612,0.075106408,0.321523472,0.18921641715819043,0.190673637,0.005,0.12159933715819045,0.06761708,816084.5890360001,0.11659933715819044,245670.890446,570413.69859,0,0,0,0,0,0,0,0,0,0,0,0.001503727636187314,45.0638448,819447.9197992821,32777.916791971285,816084.5890360001,0.051902689,3.6455995017558807,0.026105754715954953,1.9229836574313655,0.013575650846053387,1,600,32777.916791971285,444.9815538287925,5924.681604115491,1526.5138290287925,20324.68160411549,0,10.41372881
CHN,nuc,2018,44660,33675.79909,33614.05136782,0.752665727,0.329613554,0.052068219,0.052068219,0.0066,0.0066,0.045468219,816084.5890360001,0,245670.890446,570413.69859,0,0,0,0,0,0,0,0,0,0,0,0.04126508396608682,1344.5620547128,819447.9197992821,32777.916791971285,816084.5890360001,0.051902689,1.0031892374593538,0.3667080551840375,1.9229836574313655,0.1906974371658829,1,1786.4,32777.916791971285,6250.664727865482,8304.70221193622,38520.15404097269,51178.302211936214,0,0
CHN,wnd,2018,184270,41757.99087,40783.95171926,0.221327138,0.977327371,0.051902689,0.051902689,0.0074,0.0074,0.044502689,816084.5890360001,0,245670.890446,570413.69859,0,0,0,0,0,0,0,0,0,0,0,0.051168704115987076,1631.3580687704002,819447.9197992821,32777.916791971285,816084.5890360001,0.051902689,1,0.36787944117144233,1.9229836574313655,0.1913065874219852,1,7370.800000000001,32777.916791971285,6270.631404273811,28331.959022005747,45423.22505476341,205231.15902200577,0,0
CHN,sol,2018,174330,20228.3105,22479.1335171,0.12894587,1,0.053493613,0.053493613,0,0,0.053493613,816084.5890360001,0,245670.890446,570413.69859,0,0,0,0,0,0,0,0,0,0,0,0.024787026702580785,899.165340684,819447.9197992821,32777.916791971285,816084.5890360001,0.051902689,1.030652053499579,0.3567742488096381,1.9229836574313655,0.1855316073180783,1,6973.2,32777.916791971285,6081.339586952661,47161.957082864785,27661.30776336866,214518.75708286476,0,0
CHN,hyd,2018,352590,136894.9772,139901.27864286,0.396781754,1,0.07995943500000001,0.079959769,9.33e-4,9.33e-4,0.079026435,816084.5890360001,0,245670.890446,570413.69859,0,0,0,0,0,0,0,0,0,0,0,0.16774606338505568,5596.0511457144,819447.9197992821,32777.916791971285,816084.5890360001,0.051902689,1.5405644012008706,0.21426013861487786,1.9229836574313655,0.11142067577478888,1,14103.6,32777.916791971285,3652.137639451241,9204.399150499346,137957.36513659687,347690.7991504994,0,0
CHN,ore,2018,2594.4712999106086,1548.173516,1548.173516,0.596720232,1,0.123570714,0.123570713,0.005555556,0.005555556,0.118015158,816084.5890360001,0,245670.890446,570413.69859,0,0,0,0,0,0,0,0,0,0,0,0.0018970748091552373,61.926940640000005,819447.9197992821,32777.916791971285,816084.5890360001,0.051902689,2.380815259879888,0.09247515548609128,1.9229836574313655,0.048089413099649224,1,103.77885199642435,32777.916791971285,1576.2707811550363,2641.557461311344,3062.5173565150362,5132.249909225528,0,0
CHN,bio,2018,11871.10331,10338.47032,11871.10331,1,0.287212967,0.16955661055324664,0.147883708,0.0121,0.14359504955324665,0.025961561,816084.5890360001,0.13149504955324665,245670.890446,570413.69859,0,0,0,0,0,0,0,0,0,0,0,0.012668380776816675,474.84413240000003,819447.9197992821,32777.916791971285,816084.5890360001,0.051902689,3.266817458210048,0.038127576797398595,1.9229836574313655,0.01982730152180684,1,474.84413240000003,32777.916791971285,649.8976394911102,649.8976394911102,12046.15681709111,12046.15681709111,0,10.49085648
CHN,coa,2019,1083516.7990373655,531213.6628537414,528451.6777008985,0.487718952,0.359969474,0.0626159058169127,0.061267026,0.0032,0.046921813816912704,0.015694092,816084.5890360001,0.0437218138169127,266197.23999833653,549887.3490376635,975165.1191336289,1020657.4889226586,45492.369789029704,504394.97924863384,45492.369789029704,0.046921813816912704,1,0.36787944117144233,0.6240316572572385,0.5895204784775766,1,0.6509296585066476,21138.06710803594,819447.9197992821,32777.91679197128,816084.5890360001,0.051902689,1.2064096682334262,0.2992698308505069,1.950022113033248,0.15346996777641378,1,43340.67196149462,32777.91679197128,5030.425833841804,10314.189787404046,512344.0364267043,1050490.316863275,0,4.371810645
CHN,nga,2019,50547.077543366395,18673.686183922062,24799.00210004699,0.490611986,0.363221503,0.08589130831975475,0.084858665,0.005,0.06390673231975476,0.021984576,816084.5890360001,0.058906732319754754,266197.23999833653,549887.3490376635,45492.369789029755,1020657.4889226586,975165.1191336289,0,45492.369789029704,0.046921813816912704,1.3619834171184562,0.2561522160857962,0.6240316572572385,0.4104795215224234,1,0.02288204732058518,991.9600840018796,819447.9197992821,32777.91679197128,816084.5890360001,0.051902689,1.6548527634041224,0.1911201935206532,1.950022113033248,0.09800924422511643,1,2021.883101734656,32777.91679197128,3212.538852054858,6548.0235781578685,27019.58086809997,55073.21801978961,0,5.943386625
CHN,oil,2019,20324.68160411549,1526.5138290287923,1526.5138290287923,0.075106408,0.321523472,0.19128698867777144,0.190673637,0.005,0.12366990867777145,0.06761708,816084.5890360001,0.11866990867777144,266197.23999833653,549887.3490376635,0,0,0,0,0,0,0,0,0,0,0,0.0018705338264406962,61.060553161151695,819447.9197992821,32777.91679197128,816084.5890360001,0.051902689,3.6854928398367073,0.02508480888336116,1.950022113033248,0.01286385867919307,1,812.9872641646195,32777.91679197128,421.650489410268,5614.041473135927,1887.1037652779085,25125.735813086798,0,10.59865585
CHN,nuc,2019,51178.302211936214,38520.15404097268,38520.15404097268,0.752665727,0.329613554,0.052068219,0.052068219,0.0066,0.0066,0.045468219,816084.5890360001,0,266197.23999833653,549887.3490376635,0,0,0,0,0,0,0,0,0,0,0,0.04720117811129679,1540.8061616389073,819447.9197992821,32777.91679197128,816084.5890360001,0.051902689,1.0031892374593538,0.3667080551840375,1.950022113033248,0.18805328038748506,1,2047.1320884774486,32777.91679197128,6163.99477699823,8189.551557723885,43143.342656332,57320.72168118265,0,0
CHN,wnd,2019,205231.15902200577,45423.22505476342,45423.22505476342,0.221327138,0.977327371,0.051902689,0.051902689,0.0074,0.0074,0.044502689,816084.5890360001,0,266197.23999833653,549887.3490376635,0,0,0,0,0,0,0,0,0,0,0,0.05565994709987062,1816.9290021905367,819447.9197992821,32777.91679197128,816084.5890360001,0.051902689,1,0.36787944117144233,1.950022113033248,0.18865398433826375,1,8209.246360880232,32777.91679197128,6183.684601113462,27939.116083963738,49789.98065368634,224961.02874508928,0,0
CHN,sol,2019,214518.75708286476,27661.307763368655,27661.307763368655,0.12894587,1,0.053493613,0.053493613,0,0,0.053493613,816084.5890360001,0,266197.23999833653,549887.3490376635,0,0,0,0,0,0,0,0,0,0,0,0.03389514780084694,1106.4523105347462,819447.9197992821,32777.91679197128,816084.5890360001,0.051902689,1.030652053499579,0.3567742488096381,1.950022113033248,0.18295907847664242,1,8580.75028331459,32777.91679197128,5997.0174506431285,46508.02271250044,32551.872903477037,252446.02951205062,0,0
CHN,hyd,2019,347690.7991504994,137957.36513659687,137957.36513659687,0.396781754,1,0.07995943500000001,0.079959769,9.33e-4,9.33e-4,0.079026435,816084.5890360001,0,266197.23999833653,549887.3490376635,0,0,0,0,0,0,0,0,0,0,0,0.1690478744361035,5518.294605463875,819447.9197992821,32777.91679197128,816084.5890360001,0.051902689,1.5405644012008706,0.21426013861487786,1.950022113033248,0.10987574816861818,1,13907.631966019979,32777.91679197128,3601.498130926557,9076.773552764116,136040.56866205955,342859.9407372435,0,0
CHN,ore,2019,5132.249909225528,3062.5173565150362,3062.5173565150362,0.596720232,1,0.123570714,0.123570713,0.005555556,0.005555556,0.118015158,816084.5890360001,0,266197.23999833653,549887.3490376635,0,0,0,0,0,0,0,0,0,0,0,0.0037526959798770796,122.50069426060145,819447.9197992821,32777.91679197128,816084.5890360001,0.051902689,2.380815259879888,0.09247515548609128,1.950022113033248,0.04742261888622725,1,205.28999636902114,32777.91679197128,1554.4146559101225,2604.9303719772693,4494.4313181645575,7531.890284833777,0,0
CHN,bio,2019,12046.15681709111,12046.15681709111,12046.15681709111,1,0.287212967,0.17189170027779938,0.147883708,0.0121,0.14593013927779938,0.025961561,816084.5890360001,0.13383013927779938,266197.23999833653,549887.3490376635,0,0,0,0,0,0,0,0,0,0,0,0.014760916918331509,481.84627268364443,819447.9197992821,32777.91679197128,816084.5890360001,0.051902689,3.311807222122911,0.03645024051263967,1.950022113033248,0.018692219062040036,1,481.84627268364443,32777.91679197128,612.6920010728477,612.6920010728477,12177.002545480314,12177.002545480314,0,10.67715316
CHN,coa,2020,1050490.316863275,525595.8117155618,512344.0364267043,0.487718952,0.359969474,0.039756000503941645,0.061267026,0.0032,0.024061908503941645,0.015694092,816084.5890360001,0.020861908503941644,280084.3025044777,536000.2865315224,945441.2851769475,995007.1813947582,49565.89621781069,486434.3903137117,49565.89621781069,0.024061908503941645,1,0.36787944117144233,0.46561829343887146,0.790088032096916,1,0.6440457506205598,20493.761457068173,819447.919799282,32777.91679197128,816084.5890360001,0.039756000503941645,1,0.36787944117144233,1.6042717438939995,0.22931242326720774,0.9999999999999999,42019.612674530996,32777.91679197128,7516.383529217834,15411.300910893931,499366.658498854,1023882.0050996379,0,2.086013953
CHN,nga,2020,55073.21801978961,10404.47481596067,27019.58086809997,0.490611986,0.363221503,0.07793948862806652,0.084858665,0.005,0.05595491262806651,0.021984576,816084.5890360001,0.050954912628066514,280084.3025044777,536000.2865315224,49565.89621781065,995007.1813947582,945441.2851769475,0,49565.89621781069,0.024061908503941645,2.325456129920051,0.09773885226742914,0.46561829343887146,0.209911967903084,1,0.012749260255301419,1080.7832347239987,819447.919799282,32777.91679197128,816084.5890360001,0.039756000503941645,1.9604459110603727,0.14079562459503836,1.6042717438939995,0.08776295233704576,0.9999999999999999,2202.9287207915845,32777.91679197128,2876.686749121427,5863.46610195012,28815.484382497394,58733.75540094815,0,5.141088875
CHN,oil,2020,25125.735813086798,1887.1037652779087,1887.1037652779087,0.075106408,0.321523472,0.12924054918423425,0.190673637,0.005,0.061623469184234246,0.06761708,816084.5890360001,0.05662346918423425,280084.3025044777,536000.2865315224,0,0,0,0,0,0,0,0,0,0,0,0.0023123874542307554,75.48415061111635,819447.919799282,32777.91679197128,816084.5890360001,0.039756000503941645,3.250843836049871,0.03874150255823349,1.6042717438939995,0.02414896522717369,0.9999999999999999,1005.0294325234719,32777.91679197128,791.552772828507,10539.084399143507,2603.1723874952995,34659.79077970683,0,5.057159558
CHN,nuc,2020,57320.72168118265,43143.342656332,43143.342656332,0.752665727,0.329613554,0.052068219,0.052068219,0.0066,0.0066,0.045468219,816084.5890360001,0,280084.3025044777,536000.2865315224,0,0,0,0,0,0,0,0,0,0,0,0.05286626317413379,1725.7337062532802,819447.919799282,32777.91679197128,816084.5890360001,0.039756000503941645,1.309694595532507,0.26990247321992017,1.6042717438939995,0.16823987223311318,0.9999999999999999,2292.8288672473063,32777.91679197128,5514.5525331488625,7326.695417803796,46932.16148322758,62354.58823173914,0,0
CHN,wnd,2020,224961.02874508928,49789.98065368634,49789.98065368634,0.221327138,0.977327371,0.051902689,0.051902689,0.0074,0.0074,0.044502689,816084.5890360001,0,280084.3025044777,536000.2865315224,0,0,0,0,0,0,0,0,0,0,0,0.061010808588483144,1991.5992261474537,819447.919799282,32777.91679197128,816084.5890360001,0.039756000503941645,1.3055309473309333,0.2710285949275872,1.6042717438939995,0.16894182420100962,0.9999999999999999,8998.441149803572,32777.91679197128,5537.5610563445325,25019.80148654221,53335.94248388342,240982.38908182792,0,0
CHN,sol,2020,252446.02951205062,32551.87290347704,32551.87290347704,0.12894587,1,0.053493613,0.053493613,0,0,0.053493613,816084.5890360001,0,280084.3025044777,536000.2865315224,0,0,0,0,0,0,0,0,0,0,0,0.03988786620995862,1302.0749161390816,819447.919799282,32777.91679197128,816084.5890360001,0.039756000503941645,1.345548151773877,0.26039693169202666,1.6042717438939995,0.1623147279649601,0.9999999999999999,10097.841180482024,32777.91679197128,5320.338647346915,41260.24856280326,36570.13663468487,283608.4368943719,0,0
CHN,hyd,2020,342859.9407372435,136040.56866205952,136040.56866205952,0.396781754,1,0.07995943500000001,0.079959769,9.33e-4,9.33e-4,0.079026435,816084.5890360001,0,280084.3025044777,536000.2865315224,0,0,0,0,0,0,0,0,0,0,0,0.16669910262949264,5441.622746482381,819447.919799282,32777.91679197128,816084.5890360001,0.039756000503941645,2.0112545021240846,0.13382069098180646,1.6042717438939995,0.08341522656067457,0.9999999999999999,13714.397629489742,32777.91679197128,2734.1773553892235,6890.884794539276,133333.12327096637,336036.42790229304,0,0
CHN,ore,2020,7531.890284833777,4494.4313181645575,4494.4313181645575,0.596720232,1,0.123570714,0.123570713,0.005555556,0.005555556,0.118015158,816084.5890360001,0,280084.3025044777,536000.2865315224,0,0,0,0,0,0,0,0,0,0,0,0.005507310612829491,179.7772527265823,819447.919799282,32777.91679197128,816084.5890360001,0.039756000503941645,3.1082280016509323,0.04468005822389549,1.6042717438939995,0.027850679533533984,0.9999999999999999,301.2756113933511,32777.91679197128,912.8872563500344,1529.8413014929154,5227.54132178801,8760.45597493334,0,0
CHN,bio,2020,12177.002545480314,12177.002545480314,12177.002545480314,1,0.287212967,0.10191874982950017,0.147883708,0.0121,0.07595718882950016,0.025961561,816084.5890360001,0.06385718882950016,280084.3025044777,536000.2865315224,0,0,0,0,0,0,0,0,0,0,0,0.014921250455010304,487.0801018192126,819447.919799282,32777.91679197128,816084.5890360001,0.039756000503941645,2.563606714397625,0.07702642652404927,1.6042717438939995,0.048013328675281276,0.9999999999999999,487.0801018192126,32777.91679197128,1573.7768922239381,1573.7768922239381,13263.69933588504,13263.69933588504,0,5.09461463
CHN,coa,2021,1023882.0050996379,512022.3066320623,499366.658498854,0.487718952,0.359969474,0.04080655863543477,0.061267026,0.0032,0.025112466635434764,0.015694092,816084.5890360001,0.021912466635434762,291265.7769179306,524818.8121180695,921493.8045896741,974354.1844505274,52860.37986085331,471958.4322572162,52860.37986085331,0.025112466635434764,1,0.36787944117144233,0.48538108974128835,0.7579187754667672,1,0.6274132773869541,19974.66633995416,819447.919799282,32777.91679197128,816084.5890360001,0.04080655863543477,1,0.36787944117144233,1.6397780006920837,0.2243471012638146,1,40955.280203985516,32777.91679197128,7353.63061774527,15077.598661257825,486745.6227766451,998004.3235569102,0,2.191060858
CHN,nga,2021,58733.75540094815,12796.505486007205,28815.484382497398,0.490611986,0.363221503,0.0757579740121766,0.084858665,0.005,0.05377339801217661,0.021984576,816084.5890360001,0.04877339801217661,291265.7769179306,524818.8121180695,52860.37986085333,974354.1844505274,921493.8045896741,0,52860.37986085331,0.025112466635434764,2.14130291511468,0.11750164856984602,0.48538108974128835,0.24208122453323275,1,0.015680366542790713,1152.6193752998959,819447.919799282,32777.91679197128,816084.5890360001,0.04080655863543477,1.856514652191019,0.15621615025688837,1.6397780006920837,0.09526664596729306,1,2349.3502160379257,32777.91679197128,3122.642194566118,6364.789861791347,30785.50720176362,62749.19504670156,0,4.920985259
CHN,oil,2021,34659.79077970683,2603.1723874952995,2603.1723874952995,0.075106408,0.321523472,0.1571147130586527,0.190673637,0.005,0.08949763305865271,0.06761708,816084.5890360001,0.08449763305865271,291265.7769179306,524818.8121180695,0,0,0,0,0,0,0,0,0,0,0,0.0031898315719578736,104.12689549981198,819447.919799282,32777.91679197128,816084.5890360001,0.04080655863543477,3.8502318821421184,0.02127480261956247,1.6397780006920837,0.012974196879445413,1,1386.3916311882733,32777.91679197128,425.26714575711514,5662.195238482383,2924.3126377526028,38935.59438700094,0,7.546658988
CHN,nuc,2021,62354.58823173914,46932.16148322758,46932.16148322758,0.752665727,0.329613554,0.052068219,0.052068219,0.0066,0.0066,0.045468219,816084.5890360001,0,291265.7769179306,524818.8121180695,0,0,0,0,0,0,0,0,0,0,0,0.05750894222701374,1877.2864593291033,819447.919799282,32777.91679197128,816084.5890360001,0.04080655863543477,1.2759767238687474,0.27915817456880104,1.6397780006920837,0.17024144393386162,1,2494.1835292695655,32777.91679197128,5580.1598838091595,7413.8620686911645,50635.03490770764,67274.26677116074,0,0
CHN,wnd,2021,240982.38908182792,53335.942483883424,53335.942483883424,0.221327138,0.977327371,0.051902689,0.051902689,0.0074,0.0074,0.044502689,816084.5890360001,0,291265.7769179306,524818.8121180695,0,0,0,0,0,0,0,0,0,0,0,0.06535589962173714,2133.437699355337,819447.919799282,32777.91679197128,816084.5890360001,0.04080655863543477,1.2719202681043975,0.2802928672145267,1.6397780006920837,0.1709334233635446,1,9639.295563273117,32777.91679197128,5602.841527977064,25314.751632387095,56805.34631250515,256657.84515094192,0,0
CHN,sol,2021,283608.4368943719,36570.13663468487,36570.13663468487,0.12894587,1,0.053493613,0.053493613,0,0,0.053493613,816084.5890360001,0,291265.7769179306,524818.8121180695,0,0,0,0,0,0,0,0,0,0,0,0.044811698598405524,1462.8054653873949,819447.919799282,32777.91679197128,816084.5890360001,0.04080655863543477,1.310907236209532,0.2695753768673182,1.6397780006920837,0.16439748353346695,1,11344.337475774873,32777.91679197128,5388.6070360694475,41789.68303575328,40495.93820536693,314053.78245435026,0,0
CHN,hyd,2021,336036.42790229304,133333.12327096637,133333.12327096637,0.396781754,1,0.07995943500000001,0.079959769,9.33e-4,9.33e-4,0.079026435,816084.5890360001,0,291265.7769179306,524818.8121180695,0,0,0,0,0,0,0,0,0,0,0,0.16338149875917413,5333.324930838655,819447.919799282,32777.91679197128,816084.5890360001,0.04080655863543477,1.9594750862075017,0.14093237885804843,1.6397780006920837,0.08594601147141052,1,13441.457116091722,32777.91679197128,2817.131212611703,7099.951507880332,130816.92955273941,329694.92229408165,0,0
CHN,ore,2021,8760.45597493334,5227.54132178801,5227.54132178801,0.596720232,1,0.123570714,0.123570713,0.005555556,0.005555556,0.118015158,816084.5890360001,0,291265.7769179306,524818.8121180695,0,0,0,0,0,0,0,0,0,0,0,0.0064056366117182075,209.1016528715204,819447.919799282,32777.91679197128,816084.5890360001,0.04080655863543477,3.0282071836534676,0.04840233688614829,1.6397780006920837,0.029517615717322487,1,350.4182389973337,32777.91679197128,967.5259518797801,1621.4063140392734,5985.96562079627,10031.44404997528,0,0
CHN,bio,2021,13263.69933588504,13263.69933588504,13263.69933588504,1,0.287212967,0.10513445220132239,0.147883708,0.0121,0.0791728912013224,0.025961561,816084.5890360001,0.0670728912013224,291265.7769179306,524818.8121180695,0,0,0,0,0,0,0,0,0,0,0,0.01625284868024868,530.5479734354016,819447.919799282,32777.91679197128,816084.5890360001,0.04080655863543477,2.5764106486065668,0.07604647224934778,1.6397780006920837,0.04637607786984071,1,530.5479734354016,32777.91679197128,1520.1112215556193,1520.1112215556193,14253.262584005257,14253.262584005257,0,5.351167802
CHN,coa,2022,998004.3235569102,500480.6588089699,486745.6227766451,0.487718952,0.359969474,0.04036232349676297,0.061267026,0.0032,0.024668231496762973,0.015694092,816084.5890360001,0.021468231496762972,301916.78982087324,514167.79921512684,898203.8912012192,954678.1667432506,56474.27554203139,457693.52367309545,56474.27554203139,0.024668231496762973,1,0.36787944117144233,0.4855600839128247,0.7576393805004157,1,0.6132705672094148,19469.824911065803,819447.919799282,32777.91679197128,816084.5890360001,0.04036232349676297,1,0.36787944117144233,1.6254811444331987,0.22632033747750485,1,39920.172942276404,32777.91679197128,7418.309190168513,15210.213094545716,474694.1070557478,973294.3637091795,0,2.146641111
CHN,nga,2022,62749.19504670156,13687.140406156954,30785.507201763616,0.490611986,0.363221503,0.07476918266961119,0.084858665,0.005,0.052784606669611184,0.021984576,816084.5890360001,0.047784606669611186,301916.78982087324,514167.79921512684,56474.275542031406,954678.1667432506,898203.8912012192,0,56474.27554203139,0.024668231496762973,2.1397807409314167,0.11768064274138236,0.4855600839128247,0.24236061949958437,1,0.016771717772939308,1231.4202880705448,819447.919799282,32777.91679197128,816084.5890360001,0.04036232349676297,1.8524499134844807,0.156852420349217,1.6254811444331987,0.09649599497748161,1,2509.967801868063,32777.91679197128,3162.937694130371,6446.922994927341,32717.02460782344,66686.15023976084,0,4.821221293
CHN,oil,2022,38935.59438700094,2924.3126377526028,2924.3126377526028,0.075106408,0.321523472,0.15372337209925924,0.190673637,0.005,0.08610629209925924,0.06761708,816084.5890360001,0.08110629209925924,301916.78982087324,514167.79921512684,0,0,0,0,0,0,0,0,0,0,0,0.00358334500741761,116.97250551010411,819447.919799282,32777.91679197128,816084.5890360001,0.04036232349676297,3.808585799367763,0.022179523083939372,1.6254811444331987,0.013644897180073607,1,1557.4237754800379,32777.91679197128,447.25130440345623,5954.902069121136,3254.591436645955,43333.07268064204,0,7.243771288
CHN,nuc,2022,67274.26677116074,50635.03490770764,50635.03490770764,0.752665727,0.329613554,0.052068219,0.052068219,0.0066,0.0066,0.045468219,816084.5890360001,0,301916.78982087324,514167.79921512684,0,0,0,0,0,0,0,0,0,0,0,0.062046306949038545,2025.4013963083055,819447.919799282,32777.91679197128,816084.5890360001,0.04036232349676297,1.2900203578264229,0.2752651792319723,1.6254811444331987,0.1693438156294065,1,2690.9706708464296,32777.91679197128,5550.737497935612,7374.771161774464,54160.371009334944,71958.06726208876,0,0
CHN,wnd,2022,256657.84515094192,56805.34631250516,56805.34631250516,0.221327138,0.977327371,0.051902689,0.051902689,0.0074,0.0074,0.044502689,816084.5890360001,0,301916.78982087324,514167.79921512684,0,0,0,0,0,0,0,0,0,0,0,0.06960717929939894,2272.2138525002065,819447.919799282,32777.91679197128,816084.5890360001,0.04036232349676297,1.2859192559655928,0.27639638778600917,1.6254811444331987,0.17003973791550064,1,10266.313806037679,32777.91679197128,5573.548380722884,25182.39937084843,60106.68084072783,271573.93071575265,0,0
CHN,sol,2022,314053.78245435026,40495.938205366925,40495.938205366925,0.12894587,1,0.053493613,0.053493613,0,0,0.053493613,816084.5890360001,0,301916.78982087324,514167.79921512684,0,0,0,0,0,0,0,0,0,0,0,0.049622231260613256,1619.8375282146771,819447.919799282,32777.91679197128,816084.5890360001,0.04036232349676297,1.3253353217955888,0.2657138445052782,1.6254811444331987,0.16346781100185076,1,12562.15129817401,32777.91679197128,5358.134307184351,41553.36116763066,44234.2349843366,343044.9923238069,0,0
CHN,hyd,2022,329694.92229408165,130816.92955273941,130816.92955273941,0.396781754,1,0.07995943500000001,0.079959769,9.33e-4,9.33e-4,0.079026435,816084.5890360001,0,301916.78982087324,514167.79921512684,0,0,0,0,0,0,0,0,0,0,0,0.16029824764521888,5232.677182109576,819447.919799282,32777.91679197128,816084.5890360001,0.04036232349676297,1.9810414285593023,0.13792552291112536,1.6254811444331987,0.08485212109871607,1,13187.796891763264,32777.91679197128,2781.275764995986,7009.585841479963,128365.52813562582,323516.7112437983,0,0
CHN,ore,2022,10031.44404997528,5985.965620796269,5985.965620796269,0.596720232,1,0.123570714,0.123570713,0.005555556,0.005555556,0.118015158,816084.5890360001,0,301916.78982087324,514167.79921512684,0,0,0,0,0,0,0,0,0,0,0,0.007334981815876699,239.43862483185077,819447.919799282,32777.91679197128,816084.5890360001,0.04036232349676297,3.0615361875762748,0.04681572222127853,1.6254811444331987,0.02880114751352779,1,401.2577619990112,32777.91679197128,944.0416167117044,1582.0506262165825,6690.568612676123,11212.23691419285,0,0
CHN,bio,2022,14253.262584005257,14253.262584005257,14253.262584005257,1,0.287212967,0.10377467214515246,0.147883708,0.0121,0.07781311114515245,0.025961561,816084.5890360001,0.06571311114515245,301916.78982087324,514167.79921512684,0,0,0,0,0,0,0,0,0,0,0,0.017465423040082063,570.1305033602102,819447.919799282,32777.91679197128,816084.5890360001,0.04036232349676297,2.5710777565487555,0.07645310317293638,1.6254811444331987,0.04703413720593812,1,570.1305033602102,32777.91679197128,1541.6810357184002,1541.6810357184002,15224.813116363446,15224.813116363446,0,5.242682673
CHN,coa,2023,973294.3637091795,489654.21337324724,474694.1070557478,0.487718952,0.359969474,0.03999358558983701,0.061267026,0.0032,0.024299493589837007,0.015694092,816084.5890360001,0.021099493589837006,312036.7881357107,504047.8009002894,875964.9273382615,935982.4625540463,60017.535215784796,444030.2656845046,60017.535215784796,0.024299493589837007,1,0.36787944117144233,0.4839392125008539,0.7601769636941607,1,0.6000042396973226,18987.764282229913,819447.919799282,32777.91679197128,816084.5890360001,0.03999358558983701,1,0.36787944117144233,1.6109105460165256,0.22836739264085024,1,38931.774548367175,32777.91679197128,7485.407393981223,15347.788646075052,463191.7501674991,949710.3778068874,0,2.109770447
CHN,nga,2023,66686.15023976084,14393.58752704215,32717.02460782344,0.490611986,0.363221503,0.07431717916694411,0.084858665,0.005,0.05233260316694411,0.021984576,816084.5890360001,0.04733260316694411,312036.7881357107,504047.8009002894,60017.53521578476,935982.4625540463,875964.9273382615,0,60017.535215784796,0.024299493589837007,2.153649950500682,0.1160597713294116,0.4839392125008539,0.23982303630583937,1,0.017637372057282167,1308.6809843129377,819447.919799282,32777.91679197128,816084.5890360001,0.03999358558983701,1.8582274650020192,0.1559488102504957,1.6109105460165256,0.09680786474216545,1,2667.4460095904337,32777.91679197128,3173.160135327109,6467.759096548263,34581.503758837614,70486.46332671867,0,4.775616462
CHN,oil,2023,43333.07268064204,3254.591436645955,3254.591436645955,0.075106408,0.321523472,0.1531836829284481,0.190673637,0.005,0.08556660292844812,0.06761708,816084.5890360001,0.08056660292844811,312036.7881357107,504047.8009002894,0,0,0,0,0,0,0,0,0,0,0,0.003988056483814308,130.1836574658382,819447.919799282,32777.91679197128,816084.5890360001,0.03999358558983701,3.830206286064395,0.02170513770056385,1.6109105460165256,0.013473831774356753,1,1733.3229072256818,32777.91679197128,441.6441367688844,5880.245754382028,3566.0519159490013,47479.99552779839,0,7.195570528
CHN,nuc,2023,71958.06726208876,54160.37100933494,54160.37100933494,0.752665727,0.329613554,0.052068219,0.052068219,0.0066,0.0066,0.045468219,816084.5890360001,0,312036.7881357107,504047.8009002894,0,0,0,0,0,0,0,0,0,0,0,0.06636612397412366,2166.4148403733975,819447.919799282,32777.91679197128,816084.5890360001,0.03999358558983701,1.3019142502999617,0.2720105979755003,1.6109105460165256,0.16885518481962306,1,2878.3226904835506,32777.91679197128,5534.721197910536,7353.491728620368,57528.67736687207,76433.23630022559,0,0
CHN,wnd,2023,271573.93071575265,60106.68084072783,60106.68084072783,0.221327138,0.977327371,0.051902689,0.051902689,0.0074,0.0074,0.044502689,816084.5890360001,0,312036.7881357107,504047.8009002894,0,0,0,0,0,0,0,0,0,0,0,0.07365251304614004,2404.2672336291134,819447.919799282,32777.91679197128,816084.5890360001,0.03999358558983701,1.2977753365827063,0.2731387594416767,1.6109105460165256,0.16955551015361886,1,10862.957228630108,32777.91679197128,5557.67640343556,25110.68662278351,63260.09001053427,285821.66010990605,0,0
CHN,sol,2023,343044.9923238069,44234.2349843366,44234.2349843366,0.12894587,1,0.053493613,0.053493613,0,0,0.053493613,816084.5890360001,0,312036.7881357107,504047.8009002894,0,0,0,0,0,0,0,0,0,0,0,0.0542030024566305,1769.3693993734641,819447.919799282,32777.91679197128,816084.5890360001,0.03999358558983701,1.3375548156300734,0.26248671293289083,1.6109105460165256,0.16294307190549492,1,13721.799692952278,32777.91679197128,5340.9344527465055,41419.97299135293,47805.80003770965,370743.16562220757,0,0
CHN,hyd,2023,323516.7112437983,128365.52813562582,128365.52813562582,0.396781754,1,0.07995943500000001,0.079959769,9.33e-4,9.33e-4,0.079026435,816084.5890360001,0,312036.7881357107,504047.8009002894,0,0,0,0,0,0,0,0,0,0,0,0.15729439063082615,5134.621125425033,819447.919799282,32777.91679197128,816084.5890360001,0.03999358558983701,1.9993064842957953,0.13542917293409698,1.6109105460165256,0.08406995240610193,1,12940.668449751935,32777.91679197128,2755.6379046721945,6944.971327164894,125986.54491487298,317521.0141212113,0,0
CHN,ore,2023,11212.23691419285,6690.568612676122,6690.568612676122,0.596720232,1,0.123570714,0.123570713,0.005555556,0.005555556,0.118015158,816084.5890360001,0,312036.7881357107,504047.8009002894,0,0,0,0,0,0,0,0,0,0,0,0.008198376372453443,267.6227445070449,819447.919799282,32777.91679197128,816084.5890360001,0.03999358558983701,3.089763325231865,0.04551272484362527,1.6109105460165256,0.028252794642241032,1,448.48947656771406,32777.91679197128,926.0677519240285,1551.9295345830144,7349.0136200931065,12315.67697220815,0,0
CHN,bio,2023,15224.813116363446,15224.813116363446,15224.813116363446,1,0.287212967,0.10264598509670175,0.147883708,0.0121,0.07668442409670174,0.025961561,816084.5890360001,0.06458442409670175,312036.7881357107,504047.8009002894,0,0,0,0,0,0,0,0,0,0,0,0.01865592528140711,608.9925246545379,819447.919799282,32777.91679197128,816084.5890360001,0.03999358558983701,2.5665612018239665,0.07679918876623353,1.6109105460165256,0.04767439691554771,1,608.9925246545379,32777.91679197128,1562.6674152052349,1562.6674152052349,16178.488006914144,16178.488006914144,0,5.152634463
CHN,coa,2024,949710.3778068874,479429.6620213811,463191.7501674992,0.487718952,0.359969474,0.03964663490034605,0.061267026,0.0032,0.023952542900346045,0.015694092,816084.5890360001,0.020752542900346043,321674.6658729452,494409.92316305486,854739.3400261987,918177.1570202454,63437.81699404679,430972.10616900807,63437.81699404679,0.023952542900346045,1,0.36787944117144233,0.4816063925304916,0.7638591324307454,1,0.5874754510285599,18527.67000669997,819447.919799282,32777.916791971285,816084.5890360001,0.03964663490034605,1,0.36787944117144233,1.5965283142519888,0.23042462691543464,1,37988.4151122755,32777.916791971285,7552.839247855144,15486.048300733542,452216.9194086543,927208.0109953454,0,2.07507832
CHN,nga,2024,70486.46332671867,14980.261141673811,34581.503758837614,0.490611986,0.363221503,0.07405632321756492,0.084858665,0.005,0.052071747217564926,0.021984576,816084.5890360001,0.04707174721756493,321674.6658729452,494409.92316305486,63437.81699404681,918177.1570202454,854739.3400261987,0,63437.81699404679,0.023952542900346045,2.173954867097332,0.11372695135904924,0.4816063925304916,0.23614086756925456,1,0.018356260298174783,1383.2601503535045,819447.919799282,32777.916791971285,816084.5890360001,0.03964663490034605,1.8679094304903676,0.15444620507531526,1.5965283142519888,0.09673878232950535,1,2819.458533068747,32777.916791971285,3170.8957577531482,6463.143682252288,36369.13936623726,74130.14847590221,0,4.749297437
CHN,oil,2024,47479.99552779839,3566.0519159490013,3566.0519159490013,0.075106408,0.321523472,0.15264657219956174,0.190673637,0.005,0.08502949219956173,0.06761708,816084.5890360001,0.08002949219956172,321674.6658729452,494409.92316305486,0,0,0,0,0,0,0,0,0,0,0,0.004369708684440911,142.64207663796006,819447.919799282,32777.916791971285,816084.5890360001,0.03964663490034605,3.850177261783935,0.021275964688637856,1.5965283142519888,0.013326393587079067,1,1899.1998211119358,32777.916791971285,436.81142013433737,5815.900823460195,3860.2212594453786,51396.69653014665,0,7.147600054
CHN,nuc,2024,76433.23630022559,57528.677366872085,57528.677366872085,0.752665727,0.329613554,0.052068219,0.052068219,0.0066,0.0066,0.045468219,816084.5890360001,0,321674.6658729452,494409.92316305486,0,0,0,0,0,0,0,0,0,0,0,0.07049352253401554,2301.1470946748836,819447.919799282,32777.916791971285,816084.5890360001,0.03964663490034605,1.3133074000069935,0.26892912766928073,1.5965283142519888,0.1684461999631246,1,3057.329452009024,32777.916791971285,5521.315526315055,7335.680805238863,60748.84579851226,80711.58765345543,0,0
CHN,wnd,2024,285821.66010990605,63260.09001053427,63260.09001053427,0.221327138,0.977327371,0.051902689,0.051902689,0.0074,0.0074,0.044502689,816084.5890360001,0,321674.6658729452,494409.92316305486,0,0,0,0,0,0,0,0,0,0,0,0.07751658450658927,2530.403600421371,819447.919799282,32777.916791971285,816084.5890360001,0.03964663490034605,1.3091322663439207,0.2700542899401694,1.5965283142519888,0.16915095556366389,1,11432.866404396242,32777.916791971285,5544.415946748207,25050.773243849595,66274.10235686111,299439.5669493594,0,0
CHN,sol,2024,370743.16562220757,47805.80003770964,47805.80003770964,0.12894587,1,0.053493613,0.053493613,0,0,0.053493613,816084.5890360001,0,321674.6658729452,494409.92316305486,0,0,0,0,0,0,0,0,0,0,0,0.058579466736628664,1912.2320015083856,819447.919799282,32777.916791971285,816084.5890360001,0.03964663490034605,1.3492598586099194,0.2594322061174024,1.5965283142519888,0.16249771695339618,1,14829.726624888302,32777.916791971285,5326.336645183722,41306.76418859885,51219.90468138498,397220.2031859181,0,0
CHN,hyd,2024,317521.0141212113,125986.54491487298,125986.54491487298,0.396781754,1,0.07995943500000001,0.079959769,9.33e-4,9.33e-4,0.079026435,816084.5890360001,0,321674.6658729452,494409.92316305486,0,0,0,0,0,0,0,0,0,0,0,0.15437927220717965,5039.461796594919,819447.919799282,32777.916791971285,816084.5890360001,0.03964663490034605,2.016802565992861,0.13308030100587456,1.5965283142519888,0.08335605439495498,1,12700.840564848451,32777.916791971285,2732.237815064867,6885.996615320338,123679.32093334294,311706.1701716832,0,0
CHN,ore,2024,12315.67697220815,7349.013620093105,7349.013620093105,0.596720232,1,0.123570714,0.123570713,0.005555556,0.005555556,0.118015158,816084.5890360001,0,321674.6658729452,494409.92316305486,0,0,0,0,0,0,0,0,0,0,0,0.009005210634811921,293.9605448037242,819447.919799282,32777.916791971285,816084.5890360001,0.03964663490034605,3.116802076912748,0.04429860568025386,1.5965283142519888,0.027746833729665986,1,492.62707888832597,32777.916791971285,909.4834072316539,1524.1370385304012,7964.5364825210345,13347.186931850225,0,0
CHN,bio,2024,16178.488006914144,16178.488006914144,16178.488006914144,1,0.287212967,0.10158398754420267,0.147883708,0.0121,0.07562242654420266,0.025961561,816084.5890360001,0.06352242654420266,321674.6658729452,494409.92316305486,0,0,0,0,0,0,0,0,0,0,0,0.019824523369599445,647.1395202765658,819447.919799282,32777.916791971285,816084.5890360001,0.03964663490034605,2.562234797468675,0.07713217290361235,1.5965283142519888,0.048312436563175264,1,647.1395202765658,32777.916791971285,1583.58102568515,1583.58102568515,17114.929512322728,17114.929512322728,0,5.067906833
CHN,coa,2025,927208.0109953454,469697.5541606977,452216.9194086543,0.487718952,0.359969474,0.03938509546325478,0.061267026,0.0032,0.023691003463254777,0.015694092,816084.5890360001,0.020491003463254776,330861.8610243904,485222.7280116097,834487.2098958109,901204.343524123,66717.13362831203,418505.59438329766,66717.13362831203,0.023691003463254777,1,0.36787944117144233,0.47944759181849866,0.7672985482649124,0.9999999999999999,0.5755500844777965,18088.676776346172,819447.919799282,32777.91679197128,816084.5890360001,0.03938509546325478,1,0.36787944117144233,1.5854808100433022,0.23203020739266778,1,37088.32043981381,32777.91679197128,7605.466831140703,15593.953853859473,441733.70946344885,905713.6444093911,0,2.048926594
CHN,nga,2025,74130.14847590221,15525.173850912037,36369.13936623726,0.490611986,0.363221503,0.07394178141853491,0.084858665,0.005,0.05195720541853492,0.021984576,816084.5890360001,0.046957205418534924,330861.8610243904,485222.7280116097,66717.13362831199,901204.343524123,834487.2098958109,0,66717.13362831203,0.023691003463254777,2.193119658233202,0.11156815064705632,0.47944759181849866,0.23270145173508752,0.9999999999999999,0.01902397626360173,1454.7655746494904,819447.919799282,32777.91679197128,816084.5890360001,0.03938509546325478,1.877405159205989,0.15298656694243873,1.5854808100433022,0.09649222240555558,1,2965.2059390360887,32777.91679197128,3162.8140370816873,6446.670948397268,38077.187828669455,77611.61348526338,0,4.737740758
CHN,oil,2025,51396.69653014665,3860.2212594453786,3860.2212594453786,0.075106408,0.321523472,0.15197254558417359,0.190673637,0.005,0.08435546558417359,0.06761708,816084.5890360001,0.07935546558417358,330861.8610243904,485222.7280116097,0,0,0,0,0,0,0,0,0,0,0,0.004730172964061563,154.40885037781516,819447.919799282,32777.91679197128,816084.5890360001,0.03938509546325478,3.858630880454761,0.021096863887841693,1.5854808100433022,0.01330628775460581,1,2055.867861205866,32777.91679197128,436.15239283049556,5807.1262418846545,4141.964801898059,55147.954910825436,0,7.087401338
CHN,nuc,2025,80711.58765345543,60748.84579851225,60748.84579851225,0.752665727,0.329613554,0.052068219,0.052068219,0.0066,0.0066,0.045468219,816084.5890360001,0,330861.8610243904,485222.7280116097,0,0,0,0,0,0,0,0,0,0,0,0.07443939833525325,2429.95383194049,819447.919799282,32777.91679197128,816084.5890360001,0.03938509546325478,1.3220285081847327,0.266593965058182,1.5854808100433022,0.16814707776305465,1,3228.463506138217,32777.91679197128,5511.51092373053,7322.654301928284,63830.40289030229,84805.7784492455,0,0
CHN,wnd,2025,299439.5669493594,66274.1023568611,66274.1023568611,0.221327138,0.977327371,0.051902689,0.051902689,0.0074,0.0074,0.044502689,816084.5890360001,0,330861.8610243904,485222.7280116097,0,0,0,0,0,0,0,0,0,0,0,0.08120984423336236,2650.964094274444,819447.919799282,32777.91679197128,816084.5890360001,0.03938509546325478,1.317825649259218,0.26771677974679814,1.5854808100433022,0.16885526336927809,1,11977.582677974375,32777.91679197128,5534.723772604593,25006.982074672618,69157.86203519124,312468.9663460576,0,0
CHN,sol,2025,397220.2031859181,51219.90468138498,51219.90468138498,0.12894587,1,0.053493613,0.053493613,0,0,0.053493613,816084.5890360001,0,330861.8610243904,485222.7280116097,0,0,0,0,0,0,0,0,0,0,0,0.062762984829659,2048.796187255399,819447.919799282,32777.91679197128,816084.5890360001,0.03938509546325478,1.3582197115634287,0.2571181141421505,1.5854808100433022,0.16217043594184416,1,15888.808127436725,32777.91679197128,5315.609055419476,41223.569668570824,54486.71754954905,422554.9647270522,0,0
CHN,hyd,2025,311706.1701716832,123679.32093334293,123679.32093334293,0.396781754,1,0.07995943500000001,0.079959769,9.33e-4,9.33e-4,0.079026435,816084.5890360001,0,330861.8610243904,485222.7280116097,0,0,0,0,0,0,0,0,0,0,0,0.15155208491247105,4947.172837333717,819447.919799282,32777.91679197128,816084.5890360001,0.03938509546325478,2.0301952822381755,0.1313098761580583,1.5854808100433022,0.08282022420345284,1,12468.246806867328,32777.91679197128,2714.6744176331827,6841.731985572055,121446.8225136424,306079.6553503879,0,0
CHN,ore,2025,13347.186931850225,7964.5364825210345,7964.5364825210345,0.596720232,1,0.123570714,0.123570713,0.005555556,0.005555556,0.118015158,816084.5890360001,0,330861.8610243904,485222.7280116097,0,0,0,0,0,0,0,0,0,0,0,0.009759449681471308,318.5814593008414,819447.919799282,32777.91679197128,816084.5890360001,0.03938509546325478,3.1374994156174667,0.043391165625282245,1.5854808100433022,0.027367827696443175,1,533.887477274009,32777.91679197128,897.0603790110214,1503.3181898397931,8543.015402231214,14316.617644416008,0,0
CHN,bio,2025,17114.929512322728,17114.929512322728,17114.929512322728,1,0.287212967,0.10078342927832185,0.147883708,0.0121,0.07482186827832185,0.025961561,816084.5890360001,0.06272186827832185,330861.8610243904,485222.7280116097,0,0,0,0,0,0,0,0,0,0,0,0.02097200430232329,684.5971804929092,819447.919799282,32777.91679197128,816084.5890360001,0.03938509546325478,2.558923067035601,0.07738803731110828,1.5854808100433022,0.048810453473097974,1,684.5971804929092,32777.91679197128,1599.904982519591,1599.904982519591,18030.237314349408,18030.237314349408,0,5.00403719
CHN,coa,2026,905713.6444093911,460554.9585914186,441733.70946344885,0.487718952,0.359969474,0.03903708734409965,0.061267026,0.0032,0.023342995344099653,0.015694092,816084.5890360001,0.020142995344099652,339637.0225071637,476447.5665288364,815142.279968452,884992.7321051891,69850.45213673706,406597.1143920993,69850.45213673706,0.023342995344099653,1,0.36787944117144233,0.4762337279953748,0.7724766633391729,1,0.5643470845778978,17669.348378537954,819447.919799282,32777.91679197128,816084.5890360001,0.03903708734409965,1,0.36787944117144233,1.5707170142129099,0.23421115187689465,1,36228.54577637564,32777.91679197128,7676.9536479726,15740.527647104023,431741.3147328835,885225.6262801194,0,2.014128733
CHN,nga,2026,77611.61348526338,15892.607937417817,38077.18782866945,0.490611986,0.363221503,0.07386085806086687,0.084858665,0.005,0.05187628206086686,0.021984576,816084.5890360001,0.046876282060866865,339637.0225071637,476447.5665288364,69850.45213673705,884992.7321051891,815142.279968452,0,69850.45213673706,0.023342995344099653,2.2223489871868347,0.10835428682393242,0.4762337279953748,0.2275233366608271,1,0.019474216461054558,1523.087513146778,819447.919799282,32777.91679197128,816084.5890360001,0.03903708734409965,1.8920688782389585,0.1507595827487956,1.5707170142129099,0.09598137753944277,1,3104.4645394105355,32777.91679197128,3146.069606566636,6412.541267523448,39700.169922089306,80919.6902133763,0,4.729576007
CHN,oil,2026,55147.954910825436,4141.964801898059,4141.964801898059,0.075106408,0.321523472,0.15060588678422132,0.190673637,0.005,0.08298880678422134,0.06761708,816084.5890360001,0.07798880678422133,339637.0225071637,476447.5665288364,0,0,0,0,0,0,0,0,0,0,0,0.005075411124710436,165.67859207592235,819447.919799282,32777.91679197128,816084.5890360001,0.03903708734409965,3.858020590949263,0.021109743012068798,1.5707170142129099,0.0134395583806972,1,2205.9181964330173,32777.91679197128,440.52072632333307,5865.28816986339,4416.806936145469,58807.32488425581,0,6.965342204
CHN,nuc,2026,84805.7784492455,63830.40289030229,63830.40289030229,0.752665727,0.329613554,0.052068219,0.052068219,0.0066,0.0066,0.045468219,816084.5890360001,0,339637.0225071637,476447.5665288364,0,0,0,0,0,0,0,0,0,0,0,0.07821542490552598,2553.216115612092,819447.919799282,32777.91679197128,816084.5890360001,0.03903708734409965,1.3338141378488364,0.26347042988483277,1.5707170142129099,0.1677389545671016,1,3392.23113796982,32777.91679197128,5498.133495572707,7304.880903090074,66775.3202702629,88718.42821436575,0,0
CHN,wnd,2026,312468.9663460576,69157.86203519125,69157.86203519125,0.221327138,0.977327371,0.051902689,0.051902689,0.0074,0.0074,0.044502689,816084.5890360001,0,339637.0225071637,476447.5665288364,0,0,0,0,0,0,0,0,0,0,0,0.08474349713781996,2766.3144814076504,819447.919799282,32777.91679197128,816084.5890360001,0.03903708734409965,1.3295738112450377,0.26459000255735476,1.5707170142129099,0.1684517326565928,1,12498.758653842306,32777.91679197128,5521.496876481189,24947.220329037053,71913.0444302648,324917.42802125233,0,0
CHN,sol,2026,422554.9647270522,54486.71754954905,54486.71754954905,0.12894587,1,0.053493613,0.053493613,0,0,0.053493613,816084.5890360001,0,339637.0225071637,476447.5665288364,0,0,0,0,0,0,0,0,0,0,0,0.06676601700555514,2179.468701981962,819447.919799282,32777.91679197128,816084.5890360001,0.03903708734409965,1.3703279788389595,0.2540236315128985,1.5707170142129099,0.16172463226304984,1,16902.198589082087,32777.91679197128,5300.996539530402,41110.246799920016,57608.24538709749,446763.01293789013,0,0
CHN,hyd,2026,306079.6553503879,121446.8225136424,121446.8225136424,0.396781754,1,0.07995943500000001,0.079959769,9.33e-4,9.33e-4,0.079026435,816084.5890360001,0,339637.0225071637,476447.5665288364,0,0,0,0,0,0,0,0,0,0,0,0.14881646356917666,4857.872900545696,819447.919799282,32777.91679197128,816084.5890360001,0.03903708734409965,2.048294082373071,0.12895470215485663,1.5707170142129099,0.08209925848385627,1,12243.186214015517,32777.91679197128,2691.042663266383,6782.173414320819,119279.99227636309,300618.6425506932,0,0
CHN,ore,2026,14316.617644416008,8543.015402231214,8543.015402231214,0.596720232,1,0.123570714,0.123570713,0.005555556,0.005555556,0.118015158,816084.5890360001,0,339637.0225071637,476447.5665288364,0,0,0,0,0,0,0,0,0,0,0,0.010468296445007803,341.7206160892486,819447.919799282,32777.91679197128,816084.5890360001,0.03903708734409965,3.1654696189488476,0.042194321907467344,1.5707170142129099,0.026863095978247247,1,572.6647057766404,32777.91679197128,880.5163247497266,1475.5932135877815,9081.811110891691,15219.546152227149,0,0
CHN,bio,2026,18030.237314349408,18030.237314349408,18030.237314349408,1,0.287212967,0.0997181950056645,0.147883708,0.0121,0.07375663400566451,0.025961561,816084.5890360001,0.06165663400566452,339637.0225071637,476447.5665288364,0,0,0,0,0,0,0,0,0,0,0,0.02209358877325159,721.2094925739764,819447.919799282,32777.91679197128,816084.5890360001,0.03903708734409965,2.5544476237860674,0.07773515926319316,1.5707170142129099,0.04949023825411762,1,721.2094925739764,32777.91679197128,1622.1869115083014,1622.1869115083014,18931.214733283734,18931.214733283734,0,4.91905133
CHN,coa,2027,885225.6262801194,452891.7729736573,431741.3147328835,0.487718952,0.359969474,0.03881947176150723,0.061267026,0.0032,0.023125379761507223,0.015694092,816084.5890360001,0.019925379761507222,348006.43514430913,468078.15389169095,796703.0636521075,869530.7848441461,72827.72119203862,395250.43269965233,72827.72119203862,0.023125379761507223,1,0.36787944117144233,0.46480219312317617,0.7914752697260864,1,0.5549568991477166,17269.652589315338,819447.919799282,32777.91679197128,816084.5890360001,0.03881947176150723,1,0.36787944117144233,1.5526623571948197,0.2369346042729384,1,35409.02505120477,32777.91679197128,7766.222743997017,15923.561535080591,422237.88488756516,865740.1627639952,0,1.99236902
CHN,nga,2027,80919.6902133763,15186.38091803364,39700.16992208931,0.490611986,0.363221503,0.07595553518244685,0.084858665,0.005,0.05397095918244686,0.021984576,816084.5890360001,0.048970959182446865,348006.43514430913,468078.15389169095,72827.72119203868,869530.7848441461,796703.0636521075,0,72827.72119203862,0.023125379761507223,2.3338409893827077,0.09692275195173383,0.46480219312317617,0.20852473027391366,1,0.018608831880984975,1588.0067968835726,819447.919799282,32777.91679197128,816084.5890360001,0.03881947176150723,1.9566349498285331,0.1413332149794017,1.5526623571948197,0.0910263679186163,1,3236.7876085350526,32777.91679197128,2983.654713511769,6081.495761727617,41095.817838717514,83764.39836656887,0,4.940918166
CHN,oil,2027,58807.32488425581,4416.80693614547,4416.80693614547,0.075106408,0.321523472,0.15119662373296888,0.190673637,0.005,0.0835795437329689,0.06761708,816084.5890360001,0.0785795437329689,348006.43514430913,468078.15389169095,0,0,0,0,0,0,0,0,0,0,0,0.0054121925539150585,176.6722774458188,819447.919799282,32777.91679197128,816084.5890360001,0.03881947176150723,3.8948655628769546,0.020346109537739212,1.5526623571948197,0.013104014175044686,1,2352.2929953702323,32777.91679197128,429.5222862704269,5718.850064969515,4669.656944970078,62173.88195385509,0,7.018102147
CHN,nuc,2027,88718.42821436575,66775.3202702629,66775.3202702629,0.752665727,0.329613554,0.052068219,0.052068219,0.0066,0.0066,0.045468219,816084.5890360001,0,348006.43514430913,468078.15389169095,0,0,0,0,0,0,0,0,0,0,0,0.08182401820519764,2671.0128108105164,819447.919799282,32777.91679197128,816084.5890360001,0.03881947176150723,1.3412912808264954,0.2615077704965969,1.5526623571948197,0.16842539479675447,1,3548.73712857463,32777.91679197128,5520.63357630293,7334.774758918882,69624.94103575533,92504.46584471,0,0
CHN,wnd,2027,324917.42802125233,71913.04443026478,71913.04443026478,0.221327138,0.977327371,0.051902689,0.051902689,0.0074,0.0074,0.044502689,816084.5890360001,0,348006.43514430913,468078.15389169095,0,0,0,0,0,0,0,0,0,0,0,0.08811959617472015,2876.521777210591,819447.919799282,32777.91679197128,816084.5890360001,0.03881947176150723,1.33702718364823,0.2626252458614311,1.5526623571948197,0.16914511042562635,1,12996.697120850093,32777.91679197128,5544.224355299974,25049.907595606168,74580.74700835416,336970.6384960084,0,0
CHN,sol,2027,446763.01293789013,57608.24538709749,57608.24538709749,0.12894587,1,0.053493613,0.053493613,0,0,0.053493613,816084.5890360001,0,348006.43514430913,468078.15389169095,0,0,0,0,0,0,0,0,0,0,0,0.07059102225560616,2304.3298154839,819447.919799282,32777.91679197128,816084.5890360001,0.03881947176150723,1.3780098124118068,0.2520797401362341,1.5526623571948197,0.1623532244265032,1,17870.520517515604,32777.91679197128,5321.6004811601615,41270.034326498106,60625.51605277375,470162.52674687264,0,0
CHN,hyd,2027,300618.6425506932,119279.99227636307,119279.99227636307,0.396781754,1,0.07995943500000001,0.079959769,9.33e-4,9.33e-4,0.079026435,816084.5890360001,0,348006.43514430913,468078.15389169095,0,0,0,0,0,0,0,0,0,0,0,0.14616130959814175,4771.199691054523,819447.919799282,32777.91679197128,816084.5890360001,0.03881947176150723,2.059776482566322,0.12748246126312388,1.5526623571948197,0.08210572032766043,1,12024.745702027729,32777.91679197128,2691.2544690449186,6782.707223591029,117200.04705435346,295376.6040722565,0,0
CHN,ore,2027,15219.546152227149,9081.811110891691,9081.811110891691,0.596720232,1,0.123570714,0.123570713,0.005555556,0.005555556,0.118015158,816084.5890360001,0,348006.43514430913,468078.15389169095,0,0,0,0,0,0,0,0,0,0,0,0.011128516863208482,363.27244443566764,819447.919799282,32777.91679197128,816084.5890360001,0.03881947176150723,3.1832147217039353,0.041452183465143684,1.5526623571948197,0.026697487237363666,1,608.7818460890859,32777.91679197128,875.0880152210214,1466.4963047893125,9593.626681677044,16077.260610927375,0,0
CHN,bio,2027,18931.214733283734,18931.214733283734,18931.214733283734,1,0.287212967,0.09905208530456594,0.147883708,0.0121,0.07309052430456595,0.025961561,816084.5890360001,0.06099052430456595,348006.43514430913,468078.15389169095,0,0,0,0,0,0,0,0,0,0,0,0.02319761332050913,757.2485893313494,819447.919799282,32777.91679197128,816084.5890360001,0.03881947176150723,2.5516082731137115,0.07795619028370677,1.5526623571948197,0.05020807641949244,1,757.2485893313494,32777.91679197128,1645.7161511630584,1645.7161511630584,19819.682295115443,19819.682295115443,0,4.865908179
CHN,coa,2028,865740.1627639952,444222.5455269473,422237.88488756516,0.487718952,0.359969474,0.03856007561615518,0.061267026,0.0032,0.022865983616155185,0.015694092,816084.5890360001,0.019665983616155184,356114.2170729993,459970.3719630008,779166.1464875957,854554.1050175077,75387.95852991194,384582.41343308886,75387.95852991194,0.022865983616155185,1,0.36787944117144233,0.46501707963010713,0.7911095254051058,1,0.544333947111641,16889.515395502607,819447.919799282,32777.91679197128,816084.5890360001,0.03856007561615518,1,0.36787944117144233,1.5440495994957575,0.23825623301970433,1,34629.60651055981,32777.91679197128,7809.542981088388,16012.383666994323,413157.91247315094,847122.9399204297,0,1.966431605
CHN,nga,2028,83764.39836656887,15747.826436053509,41095.81783871751,0.490611986,0.363221503,0.07529950598805193,0.084858665,0.005,0.05331492998805194,0.021984576,816084.5890360001,0.048314929988051945,356114.2170729993,459970.3719630008,75387.958529912,854554.1050175077,779166.1464875957,0,75387.95852991194,0.022865983616155185,2.3316263530594017,0.0971376384586648,0.46501707963010713,0.20889047459489424,1,0.01929680654140967,1643.8327135487002,819447.919799282,32777.91679197128,816084.5890360001,0.03856007561615518,1.9527841889527922,0.14187850461026294,1.5440495994957575,0.09188727140410283,1,3350.5759346627547,32777.91679197128,3011.8733363249644,6139.012951723858,42463.85846149377,86552.83538362996,0,4.874728191
CHN,oil,2028,62173.88195385509,4669.656944970077,4669.656944970077,0.075106408,0.321523472,0.14974666170717937,0.190673637,0.005,0.08212958170717938,0.06761708,816084.5890360001,0.07712958170717937,356114.2170729993,459970.3719630008,0,0,0,0,0,0,0,0,0,0,0,0.005722025642569859,186.7862777988031,819447.919799282,32777.91679197128,816084.5890360001,0.03856007561615518,3.8834639018301433,0.02057941649830666,1.5440495994957575,0.013328209472692658,1,2486.9552781542034,32777.91679197128,436.87094108188336,5816.693311732914,4919.741608253158,65503.619987433805,0,6.888603029
CHN,nuc,2028,92504.46584471,69624.94103575531,69624.94103575531,0.752665727,0.329613554,0.052068219,0.052068219,0.0066,0.0066,0.045468219,816084.5890360001,0,356114.2170729993,459970.3719630008,0,0,0,0,0,0,0,0,0,0,0,0.08531583854315859,2784.9976414302128,819447.919799282,32777.91679197128,816084.5890360001,0.03856007561615518,1.3503142348140371,0.25915881112860367,1.5440495994957575,0.16784357912675704,1,3700.1786337884,32777.91679197128,5501.56287068349,7309.437208748433,72341.50626500859,96113.72441967003,0,0
CHN,wnd,2028,336970.6384960084,74580.74700835417,74580.74700835417,0.221327138,0.977327371,0.051902689,0.051902689,0.0074,0.0074,0.044502689,816084.5890360001,0,356114.2170729993,459970.3719630008,0,0,0,0,0,0,0,0,0,0,0,0.09138850066566344,2983.229880334167,819447.919799282,32777.91679197128,816084.5890360001,0.03856007561615518,1.3460214527757508,0.2602737147250291,1.5440495994957575,0.16856564375265345,1,13478.825539840336,32777.91679197128,5525.230644909548,24964.09023691233,77122.74777292955,348455.9031930804,0,0
CHN,sol,2028,470162.52674687264,60625.51605277376,60625.51605277376,0.12894587,1,0.053493613,0.053493613,0,0,0.053493613,816084.5890360001,0,356114.2170729993,459970.3719630008,0,0,0,0,0,0,0,0,0,0,0,0.07428827460691012,2425.0206421109506,819447.919799282,32777.91679197128,816084.5890360001,0.03856007561615518,1.3872797743578138,0.24975376803056543,1.5440495994957575,0.1617524256423679,1,18806.501069874907,32777.91679197128,5301.907548605056,41117.31185035284,63502.40295926787,492473.3375273506,0,0
CHN,hyd,2028,295376.6040722565,117200.04705435346,117200.04705435346,0.396781754,1,0.07995943500000001,0.079959769,9.33e-4,9.33e-4,0.079026435,816084.5890360001,0,356114.2170729993,459970.3719630008,0,0,0,0,0,0,0,0,0,0,0,0.1436126213249487,4688.001882174139,819447.919799282,32777.91679197128,816084.5890360001,0.03856007561615518,2.073632733399,0.12572821401527487,1.5440495994957575,0.08142757464289627,1,11815.06416289026,32777.91679197128,2669.0262662168843,6726.685991253732,115181.0714383962,290288.22590061993,0,0
CHN,ore,2028,16077.260610927375,9593.626681677046,9593.626681677046,0.596720232,1,0.123570714,0.123570713,0.005555556,0.005555556,0.118015158,816084.5890360001,0,356114.2170729993,459970.3719630008,0,0,0,0,0,0,0,0,0,0,0,0.011755676814102712,383.7450672670818,819447.919799282,32777.91679197128,816084.5890360001,0.03856007561615518,3.2046284148942035,0.040573975522070066,1.5440495994957575,0.02627763741224399,1,643.0904244370951,32777.91679197128,861.3262125881249,1443.433901514043,10071.207826998088,16877.604088004322,0,0
CHN,bio,2028,19819.682295115443,19819.682295115443,19819.682295115443,1,0.287212967,0.09825808754192314,0.147883708,0.0121,0.07229652654192315,0.025961561,816084.5890360001,0.06019652654192315,356114.2170729993,459970.3719630008,0,0,0,0,0,0,0,0,0,0,0,0.02428630874959597,792.7872918046178,819447.919799282,32777.91679197128,816084.5890360001,0.03856007561615518,2.5481819205965666,0.07822375379420239,1.5440495994957575,0.05066142552658155,1,792.7872918046178,32777.91679197128,1660.5759904729398,1660.5759904729398,20687.470993783765,20687.470993783765,0,4.802561942
CHN,coa,2029,847122.9399204297,435880.32183410216,413157.91247315094,0.487718952,0.359969474,0.03833245789543701,0.061267026,0.0032,0.02263836589543701,0.015694092,816084.5890360001,0.01943836589543701,363826.14886463725,452258.44017136283,762410.6459283867,840308.1977736537,77897.55184526695,374360.8883260959,77897.55184526695,0.02263836589543701,1,0.36787944117144233,0.46581878615203404,0.7897479709016583,1,0.5341116934324,16526.316498926037,819447.919799282,32777.91679197128,816084.5890360001,0.03833245789543701,1,0.36787944117144233,1.53704901529692,0.23934138567492402,1,33884.91759681719,32777.91679197128,7845.112024527766,16085.313052439607,404476.70799875265,829323.3353760522,0,1.943671763
CHN,nga,2029,86552.83538362996,16378.118337260652,42463.85846149377,0.490611986,0.363221503,0.07458271199471835,0.084858665,0.005,0.05259813599471835,0.021984576,816084.5890360001,0.04759813599471835,363826.14886463725,452258.44017136283,77897.55184526696,840308.1977736537,762410.6459283867,0,77897.55184526695,0.02263836589543701,2.3234069206965167,0.0979393449805917,0.46581878615203404,0.21025202909834176,1,0.020069143024263335,1698.5543384597509,819447.919799282,32777.91679197128,816084.5890360001,0.03833245789543701,1.9456803995758505,0.1428899679819851,1.53704901529692,0.0929638330072267,1,3462.113415345199,32777.91679197128,3047.16078297359,6210.938317706714,43812.46490600761,89301.66028599147,0,4.80240736
CHN,oil,2029,65503.619987433805,4919.741608253158,4919.741608253158,0.075106408,0.321523472,0.14841198183037088,0.190673637,0.005,0.08079490183037089,0.06761708,816084.5890360001,0.07579490183037088,363826.14886463725,452258.44017136283,0,0,0,0,0,0,0,0,0,0,0,0.006028470178642392,196.78966433012633,819447.919799282,32777.91679197128,816084.5890360001,0.03833245789543701,3.8717053374246957,0.0208228291798841,1.53704901529692,0.013547277264844832,1,2620.1447994973523,32777.91679197128,444.05152694484815,5912.298814035257,5167.0034708678795,68795.77400197172,0,6.769399999
CHN,nuc,2029,96113.72441967003,72341.5062650086,72341.5062650086,0.752665727,0.329613554,0.052068219,0.052068219,0.0066,0.0066,0.045468219,816084.5890360001,0,363826.14886463725,452258.44017136283,0,0,0,0,0,0,0,0,0,0,0,0.088644617527286,2893.660250600344,819447.919799282,32777.91679197128,816084.5890360001,0.03833245789543701,1.3583323861473036,0.25708914509770103,1.53704901529692,0.1672615138093288,1,3844.5489767868016,32777.91679197128,5482.483982141334,7284.088786656463,74930.3299965496,99553.2642295397,0,0
CHN,wnd,2029,348455.9031930804,77122.74777292955,77122.74777292955,0.221327138,0.977327371,0.051902689,0.051902689,0.0074,0.0074,0.044502689,816084.5890360001,0,363826.14886463725,452258.44017136283,0,0,0,0,0,0,0,0,0,0,0,0.09450337478377185,3084.909910917182,819447.919799282,32777.91679197128,816084.5890360001,0.03833245789543701,1.3540141136156665,0.2582017265772771,1.53704901529692,0.16798535635989387,1,13938.236127723216,32777.91679197128,5506.210033034245,24878.151331962934,79544.04789504662,359395.8183973201,0,0
CHN,sol,2029,492473.3375273506,63502.40295926786,63502.40295926786,0.12894587,1,0.053493613,0.053493613,0,0,0.053493613,816084.5890360001,0,363826.14886463725,452258.44017136283,0,0,0,0,0,0,0,0,0,0,0,0.07781350586987566,2540.0961183707145,819447.919799282,32777.91679197128,816084.5890360001,0.03833245789543701,1.3955174266653987,0.24770483411613756,1.53704901529692,0.1611561060518861,1,19698.933501094023,32777.91679197128,5282.361434686822,40965.72798094908,66244.66827558397,513740.1320072057,0,0
CHN,hyd,2029,290288.22590061993,115181.0714383962,115181.0714383962,0.396781754,1,0.07995943500000001,0.079959769,9.33e-4,9.33e-4,0.079026435,816084.5890360001,0,363826.14886463725,452258.44017136283,0,0,0,0,0,0,0,0,0,0,0,0.14113864296157563,4607.242857535848,819447.919799282,32777.91679197128,816084.5890360001,0.03833245789543701,2.0859459421598467,0.12418958841792715,1.53704901529692,0.08079741581561521,1,11611.529036024796,32777.91679197128,2648.3709726105394,6674.628926133885,113222.1995534709,285351.325790729,0,0
CHN,ore,2029,16877.604088004322,10071.207826998088,10071.207826998088,0.596720232,1,0.123570714,0.123570713,0.005555556,0.005555556,0.118015158,816084.5890360001,0,363826.14886463725,452258.44017136283,0,0,0,0,0,0,0,0,0,0,0,0.012340887160845302,402.84831307992357,819447.919799282,32777.91679197128,816084.5890360001,0.03833245789543701,3.223657463788919,0.039809190996605535,1.53704901529692,0.025899753749177204,1,675.104163520173,32777.91679197128,848.9399733230765,1422.6767047561352,10517.299487241242,17625.176629240283,0,0
CHN,bio,2029,20687.470993783765,20687.470993783765,20687.470993783765,1,0.287212967,0.097561361849869,0.147883708,0.0121,0.071599800849869,0.025961561,816084.5890360001,0.05949980084986901,363826.14886463725,452258.44017136283,0,0,0,0,0,0,0,0,0,0,0,0.02534966506133983,827.4988397513506,819447.919799282,32777.91679197128,816084.5890360001,0.03833245789543701,2.545137129374697,0.0784622917579602,1.53704901529692,0.051047358267103285,1,827.4988397513506,32777.91679197128,1673.2260617290585,1673.2260617290585,21533.198215761473,21533.198215761473,0,4.746976205
CHN,coa,2030,829323.3353760522,427995.49609003204,404476.7079987527,0.487718952,0.359969474,0.03810420828113777,0.061267026,0.0032,0.022410116281137774,0.015694092,816084.5890360001,0.019210116281137772,371158.74689452164,444925.84214147844,746391.001838447,826762.4960958393,80371.49425739236,364554.3478840861,80371.49425739236,0.022410116281137774,1,0.36787944117144233,0.46605430749048365,0.7893488704188278,1,0.5244499183541766,16179.068319950109,819447.919799282,32777.91679197128,816084.5890360001,0.03810420828113777,1,0.36787944117144233,1.529529637080384,0.24051802086925403,1,33172.93341504209,32777.91679197128,7883.67967502202,16164.390665347817,396181.3193538246,812314.7926263579,0,1.920848737
CHN,nga,2030,89301.66028599147,16930.34605144639,43812.464906007604,0.490611986,0.363221503,0.07399856883951533,0.084858665,0.005,0.052013992839515334,0.021984576,816084.5890360001,0.04701399283951534,371158.74689452164,444925.84214147844,80371.49425739233,826762.4960958393,746391.001838447,0,80371.49425739236,0.022410116281137774,2.3210050401788704,0.09817486631904132,0.46605430749048365,0.21065112958117216,1,0.020745822527350213,1752.4985962403043,819447.919799282,32777.91679197128,816084.5890360001,0.03810420828113777,1.9420051531721727,0.143416090044829,1.529529637080384,0.09376483238244818,1,3572.066411439659,32777.91679197128,3073.4158738450205,6264.453298222153,45133.382183612324,91994.04717277396,0,4.743470317
CHN,oil,2030,68795.77400197172,5167.00347086788,5167.00347086788,0.075106408,0.321523472,0.14708028772002613,0.190673637,0.005,0.07946320772002612,0.06761708,816084.5890360001,0.07446320772002611,371158.74689452164,444925.84214147844,0,0,0,0,0,0,0,0,0,0,0,0.00633145575873624,206.68013883471522,819447.919799282,32777.91679197128,816084.5890360001,0.03810420828113777,3.8599486606531426,0.021069081168141775,1.529529637080384,0.013774876051672411,1,2751.830960078869,32777.91679197128,451.51174104143615,6011.627410559112,5411.8350730746015,72055.57045245197,0,6.650463634
CHN,nuc,2030,99553.2642295397,74930.32999654958,74930.32999654958,0.752665727,0.329613554,0.052068219,0.052068219,0.0066,0.0066,0.045468219,816084.5890360001,0,371158.74689452164,444925.84214147844,0,0,0,0,0,0,0,0,0,0,0,0.09181686678468103,2997.2131998619834,819447.919799282,32777.91679197128,816084.5890360001,0.03810420828113777,1.3664689898772846,0.2550057997722933,1.529529637080384,0.1667217120807523,1,3982.1305691815874,32777.91679197128,5464.790405997891,7260.580905921721,77397.90720268548,102831.71456627981,0,0
CHN,wnd,2030,359395.8183973201,79544.0478950466,79544.0478950466,0.221327138,0.977327371,0.051902689,0.051902689,0.0074,0.0074,0.044502689,816084.5890360001,0,371158.74689452164,444925.84214147844,0,0,0,0,0,0,0,0,0,0,0,0.09747034677986997,3181.7619158018642,819447.919799282,32777.91679197128,816084.5890360001,0.03810420828113777,1.3621248502804535,0.2561159902297516,1.529529637080384,0.16744754990078792,1,14375.832735892804,32777.91679197128,5488.581857667485,24798.50373191689,81850.86783691222,369818.4893933442,0,0
CHN,sol,2030,513740.1320072057,66244.66827558397,66244.66827558397,0.12894587,1,0.053493613,0.053493613,0,0,0.053493613,816084.5890360001,0,371158.74689452164,444925.84214147844,0,0,0,0,0,0,0,0,0,0,0,0.08117377679418684,2649.786731023359,819447.919799282,32777.91679197128,816084.5890360001,0.03810420828113777,1.4038767740643556,0.24564281393447246,1.529529637080384,0.16060023158711947,1,20549.605280288226,32777.91679197128,5264.141027733919,40824.42522380841,68859.02257229453,534014.9519507259,0,0
CHN,hyd,2030,285351.325790729,113222.1995534709,113222.1995534709,0.396781754,1,0.07995943500000001,0.079959769,9.33e-4,9.33e-4,0.079026435,816084.5890360001,0,371158.74689452164,444925.84214147844,0,0,0,0,0,0,0,0,0,0,0,0.13873831349666169,4528.887982138836,819447.919799282,32777.91679197128,816084.5890360001,0.03810420828113777,2.098441054333132,0.12264748005218133,1.529529637080384,0.08018640311298239,1,11414.053031629162,32777.91679197128,2628.3432490848036,6624.153511566975,111321.65482041686,280561.4262706668,0,0
CHN,ore,2030,17625.176629240283,10517.29948724124,10517.29948724124,0.596720232,1,0.123570714,0.123570713,0.005555556,0.005555556,0.118015158,816084.5890360001,0,371158.74689452164,444925.84214147844,0,0,0,0,0,0,0,0,0,0,0,0.012887511452292954,420.6919794896496,819447.919799282,32777.91679197128,816084.5890360001,0.03810420828113777,3.242967629409311,0.03904784345641242,1.529529637080384,0.025529314705498758,1,705.0070651696113,32777.91679197128,836.797753172887,1402.328441870037,10933.405260924477,18322.49800594071,0,0
CHN,bio,2030,21533.198215761473,21533.198215761473,21533.198215761473,1,0.287212967,0.09686270197216232,0.147883708,0.0121,0.07090114097216231,0.025961561,816084.5890360001,0.05880114097216231,371158.74689452164,444925.84214147844,0,0,0,0,0,0,0,0,0,0,0,0.026385988052044413,861.3279286304589,819447.919799282,32777.91679197128,816084.5890360001,0.03810420828113777,2.5420473575384848,0.07870509725085974,1.529529637080384,0.051457059309484576,1,861.3279286304589,32777.91679197128,1686.6552084058164,1686.6552084058164,22358.52549553683,22358.52549553683,0,4.691236156
